al.,Armii Poznañ,Armii Poznañ,Armii Poznañ
al.,Braterstwa Broni,Braterstwa Broni,Braterstwa Broni
al.,Cytadelowców,Cytadelowców,Cytadelowców
al.,Edwarda Stachury,Stachury,Stachury Edwarda
al.,Karola Marcinkowskiego,Marcinkowskiego,Marcinkowskiego Karola
al.,ks. Mieczys³awa Radziejewskiego,Radziejewskiego,Mieczys³awa Radziejewskiego
al.,Niepodleg³oœci,Niepodleg³oœci,Niepodleg³oœci
al.,Piwnika Jana,Piwnika,Jana Piwnika
al.,Pod Lipami,Pod Lipami,Pod Lipami
al.,Republik,Republik,Republik
al.,Solidarnoœci,Solidarnoœci,Solidarnoœci
al.,Wielkopolska,Wielkopolska,Wielkopolska
lasek,Golêciñski,Golêciñski,Golêciñski
lasek,Marceliñski,Marceliñski,Marceliñski
os.,Armii Krajowej,AK,A. Krajowej
os.,Bajkowe,Bajkowe,Bajkowe
os.,Bohaterów II Wojny Œwiatowej,Bohaterów II W. Œ.,Bohaterów II Wojny
os.,Boles³awa Chrobrego,Chrobrego,B. Chrobrego
os.,Boles³awa Œmia³ego,Œmia³ego,B. Œmia³ego
os.,Czecha,Czecha,Czecha
os.,Dêbina,Dêbina,Dêbina
os.,Hetmañskie HCP,Hetmañskie,Hetmañskie HCP
os.,Jagielloñskie,Jagielloñskie,Jagielloñskie
os.,Jana III Sobieskiego,Sobieskiego,J. III Sobieskiego
os.,Kosmonautów,Kosmonautów,Kosmonautów
os.,ks. Jerzego Popie³uszki,Popie³uszki,Jerzego Popie³uszki
os.,Lecha,Lecha,Lecha
os.,Lotnictwa Polskiego,Lotnictwa Polskiego,Lotnictwa Polskiego
os.,Lotników Wielkopolskich,Lotników Wlkp,Lotników Wielkopolskich
os.,Marysieñki,Marysieñki,Marysieñki
os.,Miko³aja Kopernika,Kopernika,Kopernika Miko³aja
os.,Na Murawie,Na Murawie,Na Murawie
os.,Or³a Bia³ego,O. Bia³ego,Or³a Bia³ego
os.,Oœwiecenia,Oœwiecenia,Oœwiecenia
os.,Piastowskie,Piastowskie,Piastowskie
os.,Pod Lipami,Pod Lipami,Pod Lipami
os.,Polan,Polan,Polan
os.,Polanka,Polanka,Polanka
os.,Powstañ Narodowych,Powstañ Narodowych,Powstañ Narodowych
os.,Powstañców Œl¹skich,Powstañców Œl¹skich,Powstañców Œl¹skich
os.,Powstañców Warszawy,Powstañców Warszawy,Powstañców Warszawy
os.,Przemys³awa,Przemys³awa,Przemys³awa
os.,PrzyjaŸni,PrzyjaŸni,PrzyjaŸni
os.,Rusa,Rusa,Rusa
os.,Rzeczypospolitej,Rzeczypospolitej,Rzeczypospolitej
os.,S³owiañskie,S³owiañskie,S³owiañskie
os.,Stare ¯egrze,¯egrze,St. ¯egrze
os.,Stefana Batorego,Batorego,S. Batorego
os.,Tysi¹clecia,1000-lecia,Tysi¹clecia
os.,Warszawskie,Warszawskie,Warszawskie
os.,Wichrowe Wzgórze,Wichrowe,W. Wzgórze
os.,Winiary,Winiary,Winiary
os.,W³adys³awa Jagie³³y,Jagie³³y,W. Jagie³³y
os.,W³adys³awa £okietka,£okietka,W. £okietka
os.,Zodiak,Zodiak,Zodiak
os.,Zwyciêstwa,Zwyciêstwa,Zwyciêstwa
os.,Zygmunta Starego,Zygmunta,Z. Starego
pl.,Adama Mickiewicza,Mickiewicza,Mickiewicza Adama
pl.,Asnyka Adama,Asnyka,Adama Asnyka
pl.,Bernardyñski,Bernardyñski,Bernardyñski
pl.,Bystrzyckiego,Bystrzyckiego,Przemys³awa Bystrzyckiego
pl.,Degi Wiktora,Degi,Wiktora Degi
pl.,Kolegiacki,Kolegiacki,Kolegiacki
pl.,Lipowy,Lipowy,Lipowy
pl.,Miêdzymoœcie,Miêdzymoœcie,Miêdzymoœcie
pl.,Niepodleg³oœci,Niepodleg³oœci,Niepodleg³oœci
pl.,Nowakowskiego Kazimierza,Nowakowskiego,Kazimierza Nowakowskiego
pl.,Orawski,Orawski,Orawski
pl.,Ratajskiego Cyryla,Ratajskiego,Cyryla Ratajskiego
pl.,Sk³odowskiej-Curie Marii,Sk³odowskiej-Curie,Marii Curie-Sk³odowskiej
pl.,Spiski,Spiski,Spiski
pl.,Œwiatowida,Œwiatowida,Œwiatowida
pl.,Waryñskiego Ludwika,Waryñskiego,Ludwika Waryñskiego
pl.,Wielkopolski,Wlkp,Wielkopolski
pl.,Wiosny Ludów,Wiosny Ludów,Wiosny Ludów
pl.,W³asy³awa Andersa,Andersa,Andersa W³asy³awa
pl.,Wolnoœci,Wolnoœci,Wolnoœci
pl.,Wyspiañskiego Stanis³awa,Wyspiañskiego,Stanis³awa Wyspiañskiego
pl.,Zbawiciela,Zbawiciela,Zbawiciela
rondo,Kaponiera,Kaponiera,Kaponiera
rondo,Nowaka-Jeziorañskiego Jana,Jeziorañskiego,J. Nowaka
rondo,Obornickie,Obornickie,Obornickie
rondo,Rataje,Rataje,Rataje
rondo,Solidarnoœci,Solidarnoœci,Solidarnoœci
rondo,Staro³êka,Staro³êka,Staro³êka
rondo,Œródka,Œródka,Œródka
rondo,¯egrze,¯egrze,¯egrze
rynek,Je¿ycki,Je¿ycki,Je¿ycki
rynek,£azarski,£azarski,£azarski
rynek,Œródecki,Œródecki,Œródecki
rynek,Wildecki,Wildecki,Wildecki
rynek,Wschodni,Wschodni,Wschodni
skwer,Bogdana Jañskiego,Jañskiego,Jañskiego Bogdana
skwer,Ignacego £ukasiewicza,£ukasiewicza,£ukasiewicza Ignacego
skwer,Ireny Bobowskiej,Bobowskiej,Bobowskiej Ireny
skwer,Janusza Zió³kowskiego,Zió³kowskiego,Zió³kowskiego Janusza
skwer,Jerzego Kurczewskiego,Kurczewskiego,Kurczewskiego Jerzego
skwer,Kazimierza Nowaka,Nowaka,Nowaka Kazimierza
skwer,Rabina Akiwy Egera,Egera,Akiwy Egera
skwer,Romana Wilhelmiego,Wilhelmiego,Wilhelmiego Romana
skwer,Zielone Ogródki,Zielone Ogródki,Zielone Ogródki
tunel,Komandoria,Komandoria,Komandoria
tunel,Leszka,Leszka,Leszka
tunel,£om¿yñski,£om¿yñski,£om¿yñski
tunel,Mi³ostowo,Mi³ostowo,Mi³ostowo
tunel,Mogileñski,Mogileñski,Mogileñski
tunel,Tumski,Tumski,Tumski
ul.,23 Lutego,23 Luty,23 Lutego
ul.,27 Grudnia,27 Grudnia,27 Grudnia
ul.,28 Czerwca 1956 r.,28 Czerwca,28 Czerwca 1956
ul.,3 Maja,3 Maja,3 Maja
ul.,5 Stycznia,5 Stycznia,5 Stycznia
ul.,9 Maja,9 Maja,9 Maja
ul.,A2,A2,A2
ul.,abpa Antoniego Baraniaka,Baraniaka,abp Antoniego Baraniaka
ul.,abpa Walentego Dymka,Dymka,abp Walentego Dymka
ul.,Abrahama,Abrahama,Abrahama
ul.,Adamanisa,Adamanisa,Adamanisa
ul.,Admiralska,Admiralska,Admiralska
ul.,Agatowa,Agatowa,Agatowa
ul.,Agrestowa,Agrestowa,Agrestowa
ul.,Ajdukiewicza Kazimierza,Ajdukiewicza,Kazimierza Ajdukiewicza
ul.,Ajschylosa,Ajschylosa,Ajschylosa
ul.,Akacjowa,Akacjowa,Akacjowa
ul.,Albañska,Albañska,Albañska
ul.,Altanowa,Altanowa,Altanowa
ul.,Altera,Altera,Altera
ul.,Alzacka,Alzacka,Alzacka
ul.,Ametystowa,Ametystowa,Ametystowa
ul.,Ananasowa,Ananasowa,Ananasowa
ul.,Andaluzyjska,Andaluzyjska,Andaluzyjska
ul.,Andersena,Andersena,Andersena
ul.,Andrychowska,Andrychowska,Andrychowska
ul.,Andrzejewskiego Antoniego,Andrzejewskiego,Antoniego Andrzejewskiego
ul.,Antoniego œw.,œw. Antoniego,œw. Antoniego
ul.,Any¿owa,Any¿owa,Any¿owa
ul.,Aragoñska,Aragoñska,Aragoñska
ul.,Architektów,Architektów,Architektów
ul.,Arciszewskiego Krzysztofa,Arciszewskiego,Krzysztofa Arciszewskiego
ul.,Arcta,Arcta,Arcta
ul.,Arctowskiego,Arctowskiego,Arctowskiego
ul.,Arkoñska,Arkoñska,Arkoñska
ul.,Armeñska,Armeñska,Armeñska
ul.,Armii Ludowej,Armii Ludowej,Armii Ludowej
ul.,Arnikowa,Arnikowa,Arnikowa
ul.,Aroniowa,Aroniowa,Aroniowa
ul.,Arystofanesa,Arystofanesa,Arystofanesa
ul.,Asnyka Adama,Asnyka,Adama Asnyka
ul.,Astrowa,Astrowa,Astrowa
ul.,Augustowska,Augustowska,Augustowska
ul.,Azaliowa,Azaliowa,Azaliowa
ul.,Babicka,Babicka,Babicka
ul.,Babimojska,Babimojska,Babimojska
ul.,Baczyñskiego Krzysztofa,Baczyñskiego,Krzysztofa Baczyñskiego
ul.,Bajana Jerzego,Bajana,Jerzego Bajana
ul.,Balickiego Stefana,Balickiego,Stefana Balickiego
ul.,Ballenstedta Lucjana,Ballenstedta,Lucjana Ballenstedta
ul.,Balonowa,Balonowa,Balonowa
ul.,Ba³tycka,Ba³tycka,Ba³tycka
ul.,Ba³uckiego,Ba³uckiego,Micha³a Ba³uckiego
ul.,Bananowa,Bananowa,Bananowa
ul.,Barana,Barana,Barana
ul.,Baranowska,Baranowska,Baranowska
ul.,Barbary œw.,Barbary,œw. Barbary
ul.,Barciñska,Barciñska,Barciñska
ul.,Barczewska,Barczewska,Barczewska
ul.,Barlinecka,Barlinecka,Barlinecka
ul.,Barska,Barska,Barska
ul.,Bartnicza,Bartnicza,Bartnicza
ul.,Bartoszycka,Bartoszycka,Bartoszycka
ul.,Barwicka,Barwicka,Barwicka
ul.,Barzyñskiego Micha³a,Barzyñskiego,Micha³a Barzyñskiego
ul.,Bastionowa,Bastionowa,Bastionowa
ul.,Baœniowa,Baœniowa,Baœniowa
ul.,Batalionów Ch³opskich,Batalionów Ch³opskich,Batalionów Ch³opskich
ul.,Bazyliowa,Bazyliowa,Bazyliowa
ul.,B¹ka Wojciecha,B¹ka,Wojciecha B¹ka
ul.,Bednarska,Bednarska,Bednarska
ul.,Begoniowa,Begoniowa,Begoniowa
ul.,Belwederska,Belwederska,Belwederska
ul.,Be³chatowska,Be³chatowska,Be³chatowska
ul.,Be³zy W³adys³awa,Be³zy,W³adys³awa Be³zy
ul.,Berdychowo,Berdychowo,Berdychowo
ul.,Berestecka,Berestecka,Berestecka
ul.,Bergera Gothilfa,Bergera,Gothilfa Bergera
ul.,Berlinga Zygmunta,Berlinga,Zygmunta Berlinga
ul.,Berwiñskiego Ryszarda,Berwiñskiego,Ryszarda Berwiñskiego
ul.,Berylowa,Berylowa,Berylowa
ul.,Beskidzka,Beskidzka,Beskidzka
ul.,Bêdlewska,Bêdlewska,Bêdlewska
ul.,Bêdziñska,Bêdziñska,Bêdziñska
ul.,Bia³a,Bia³a,Bia³a
ul.,Bia³czañska,Bia³czañska,Bia³czañska
ul.,Bia³oborska,Bia³oborska,Bia³oborska
ul.,Bia³obrzeska,Bia³obrzeska,Bia³obrzeska
ul.,Bia³ogardzka,Bia³ogardzka,Bia³ogardzka
ul.,Bia³oruska,Bia³oruska,Bia³oruska
ul.,Bia³ostocka,Bia³ostocka,Bia³ostocka
ul.,Bia³oœliwska,Bia³oœliwska,Bia³oœliwska
ul.,Biebrzañska,Biebrzañska,Biebrzañska
ul.,Biecka,Biecka,Biecka
ul.,Biedrzyckiego Adama,Biedrzyckiego,Adama Biedrzyckiego
ul.,Biegañskiego W³adys³awa,Biegañskiego,W³adys³awa Biegañskiego
ul.,Bielniki,Bielniki,Bielniki
ul.,Bielska,Bielska,Bielska
ul.,Bieszczady,Bieszczady,Bieszczady
ul.,Billewiczówny Oleñki,Billewiczówny,Oleñki Billewiczówny
ul.,Bi³gorajska,Bi³gorajska,Bi³gorajska
ul.,Biskupiñska,Biskupiñska,Biskupiñska
ul.,Bitwy pod Siekierkami,Bitwy pod Siekierkami,Bitwy pod Siekierkami
ul.,Bitwy pod Studziankami,Bitwy pod Studziankami,Bitwy pod Studziankami
ul.,Biwakowa,Biwakowa,Biwakowa
ul.,Blacharska,Blacharska,Blacharska
ul.,BliŸni¹t,BliŸni¹t,BliŸni¹t
ul.,Bluszczowa,Bluszczowa,Bluszczowa
ul.,B³awatkowa,B³awatkowa,B³awatkowa
ul.,B³a¿eja,B³a¿eja,B³a¿eja
ul.,B³êkitna,B³êkitna,B³êkitna
ul.,B³oñska,B³oñska,B³oñska
ul.,B³otna,B³otna,B³otna
ul.,Bniñska,Bniñska,Bniñska
ul.,Bniñskiego,Bniñskiego,Bniñskiego
ul.,Bobolicka,Bobolicka,Bobolicka
ul.,Bobrownicka,Bobrownicka,Bobrownicka
ul.,Bobrzañska,Bobrzañska,Bobrzañska
ul.,Bociania,Bociania,Bociania
ul.,Boczna,Boczna,Boczna
ul.,Boczowska,Boczowska,Boczowska
ul.,Bodawska,Bodawska,Bodawska
ul.,Bogumi³a,Bogumi³a,Bogumi³a
ul.,Bogus³awa,Bogus³awa,Bogus³awa
ul.,Bogus³awskiego Wojciecha,Bogus³awskiego,Wojciecha Bogus³awskiego
ul.,Bogusza,Bogusza,Bogusza
ul.,Bohaterów Westerplatte,Bohaterów Westerplatte,Bohaterów Westerplatte
ul.,Bohuszewiczówny Marii,Bohuszewiczówny,Marii Bohuszewiczówny
ul.,Bojanowska,Bojanowska,Bojanowska
ul.,Bojerowa,Bojerowa,Bojerowa
ul.,Boles³awy,Boles³awy,Boles³awy
ul.,Bolka,Bolka,Bolka
ul.,Bolkowicka,Bolkowicka,Bolkowicka
ul.,Bonin,Bonin,Bonin
ul.,Boranta,Boranta,Boranta
ul.,Borecka,Borecka,Borecka
ul.,Borowa,Borowa,Borowa
ul.,Borowikowa,Borowikowa,Borowikowa
ul.,Borówki,Borówki,Borówki
ul.,Borówkowa,Borówkowa,Borówkowa
ul.,Borsucza,Borsucza,Borsucza
ul.,Bortnowskiego W³adys³awa,Bortnowskiego,W³adys³awa Bortnowskiego
ul.,Boruty,Boruty,Boruty
ul.,Bosa,Bosa,Bosa
ul.,Bosmañska,Bosmañska,Bosmañska
ul.,Botaniczna,Botaniczna,Botaniczna
ul.,Boya-¯eleñskiego Tadeusza,Boya-¯eleñskiego,Tadeusza Boya-¯eleñskiego
ul.,Bo¿eny,Bo¿eny,Bo¿eny
ul.,Bo¿ydara,Bo¿ydara,Bo¿ydara
ul.,Bo¿ymira,Bo¿ymira,Bo¿ymira
ul.,Bo¿ywoja,Bo¿ywoja,Bo¿ywoja
ul.,Bó¿nicza,Bó¿nicza,Bó¿nicza
ul.,Braille'a Ludwika,Braille'a,Brailla
ul.,Brandstaettera Romana,Brandstaettera,Romana Brandstaettera
ul.,Brandysa,Brandysa,Kazimierza Brandysa
ul.,Braniborska,Braniborska,Braniborska
ul.,Braniewska,Braniewska,Braniewska
ul.,Bras³awska,Bras³awska,Bras³awska
ul.,Bratkowa,Bratkowa,Bratkowa
ul.,Bratumi³y,Bratumi³y,Bratumi³y
ul.,Brodnicka,Brodnicka,Brodnicka
ul.,Broniewskiego Stanis³awa,Broniewskiego,Stanis³awa Broniewskiego
ul.,Bronis³awa,Bronis³awa,Bronis³awa
ul.,Bronisza,Bronisza,Bronisza
ul.,Bronowa,Bronowa,Bronowa
ul.,Brossa Kazimierza,Brossa,Kazimierza Brossa
ul.,Browarna,Browarna,Browarna
ul.,Bruzdowa,Bruzdowa,Bruzdowa
ul.,Brylantowa,Brylantowa,Brylantowa
ul.,Brzask,Brzask,Brzask
ul.,Brzechwy Jana,Brzechwy,Jana Brzechwy
ul.,Brzeska,Brzeska,Brzeska
ul.,BrzeŸnicka,BrzeŸnicka,BrzeŸnicka
ul.,Brzoskwiniowa,Brzoskwiniowa,Brzoskwiniowa
ul.,Brzozowa,Brzozowa,Brzozowa
ul.,Brzóski,Brzóski,Brzóski
ul.,Buczka Karola,Buczka,Karola Buczka
ul.,Budzis³awa,Budzis³awa,Budzis³awa
ul.,Budziszyñska,Budziszyñska,Budziszyñska
ul.,Budzyñska,Budzyñska,Budzyñska
ul.,Bukowa,Bukowa,Bukowa
ul.,Bukowska,Bukowska,Bukowska
ul.,Bu³garska,Bu³garska,Bu³garska
ul.,Bu³hakowa Michai³a,Bu³hakowa,Michai³a Bu³hakowa
ul.,Bunina Iwana,Bunina,Iwana Bunina
ul.,Bunscha Karola,Bunscha,Karola Bunscha
ul.,Burgundzka,Burgundzka,Burgundzka
ul.,Burszty Józefa,Burszty,Józefa Burszty
ul.,Bursztynowa,Bursztynowa,Bursztynowa
ul.,Burys³awa,Burys³awa,Burys³awa
ul.,Burzowa,Burzowa,Burzowa
ul.,Burzyñskiego Zbigniewa,Burzyñskiego,Zbigniewa Burzyñskiego
ul.,Buska,Buska,Buska
ul.,Butryma Józwy,Butryma,Józwy Butryma
ul.,Bu¿añska,Bu¿añska,Bu¿añska
ul.,Bychawska,Bychawska,Bychawska
ul.,Byczyñska,Byczyñska,Byczyñska
ul.,Bydgoska,Bydgoska,Bydgoska
ul.,Bylicowa,Bylicowa,Bylicowa
ul.,Bystra,Bystra,Bystra
ul.,Bystrzycka,Bystrzycka,Bystrzycka
ul.,Bytomska,Bytomska,Bytomska
ul.,Bzowa,Bzowa,Bzowa
ul.,Calliera Edmunda,Calliera,Edmunda Calliera
ul.,Cedrowa,Cedrowa,Cedrowa
ul.,Cedzyñska,Cedzyñska,Cedzyñska
ul.,Cegielskiego Hipolita,Cegielskiego,Hipolita Cegielskiego
ul.,Ceglana,Ceglana,Ceglana
ul.,Celichowskich,Celichowskich,Celichowskich
ul.,Ceramiczna,Ceramiczna,Ceramiczna
ul.,Cetniewska,Cetniewska,Cetniewska
ul.,Chabrowa,Chabrowa,Chabrowa
ul.,Chartowo,Chartowo,Chartowo
ul.,Charzykowska,Charzykowska,Charzykowska
ul.,Che³miñska,Che³miñska,Che³miñska
ul.,Che³moñskiego Józefa,Che³moñskiego,Józefa Che³moñskiego
ul.,Chemiczna,Chemiczna,Chemiczna
ul.,Chêciñska,Chêciñska,Chêciñska
ul.,Chlebowa,Chlebowa,Chlebowa
ul.,Ch³apowskiego Dezyderego,Ch³apowskiego,Dezyderego Ch³apowskiego
ul.,Ch³odna,Ch³odna,Ch³odna
ul.,Chmielna,Chmielna,Chmielna
ul.,Chmurna,Chmurna,Chmurna
ul.,Chocho³owska,Chocho³owska,Chocho³owska
ul.,Chociebora,Chociebora,Chociebora
ul.,Chocimska,Chocimska,Chocimska
ul.,Chociszewskiego Józefa,Chociszewskiego,Józefa Chociszewskiego
ul.,Chodzieska,Chodzieska,Chodzieska
ul.,Chojnicka,Chojnicka,Chojnicka
ul.,Chomêcicka,Chomêcicka,Chomêcicka
ul.,Chopina Fryderyka,Chopina,Fryderyka Chopina
ul.,Chotomiñska,Chotomiñska,Chotomiñska
ul.,Chrobacka,Chrobacka,Chrobacka
ul.,Chryzantemowa,Chryzantemowa,Chryzantemowa
ul.,Chrzanowska,Chrzanowska,Chrzanowska
ul.,Chwaliszewo,Chwaliszewo,Chwaliszewo
ul.,Chwia³kowskiego Marcina,Chwia³kowskiego,Marcina Chwia³kowskiego
ul.,Chy¿añska,Chy¿añska,Chy¿añska
ul.,Ciasna,Ciasna,Ciasna
ul.,Cicha,Cicha,Cicha
ul.,Ciechociñska,Ciechociñska,Ciechociñska
ul.,Cienista,Cienista,Cienista
ul.,Cieplicka,Cieplicka,Cieplicka
ul.,Cieszkowskiego Augusta,Cieszkowskiego,Augusta Cieszkowskiego
ul.,Cieszymira,Cieszymira,Cieszymira
ul.,Cieszyñska,Cieszyñska,Cieszyñska
ul.,Cisowa,Cisowa,Cisowa
ul.,Cmentarna,Cmentarna,Cmentarna
ul.,Cybiñska,Cybiñska,Cybiñska
ul.,Cybulskiego Wojciecha,Cybulskiego,Wojciecha Cybulskiego
ul.,Cymsa Paw³a,Cymsa,Paw³a Cymsa
ul.,Cynamonowa,Cynamonowa,Cynamonowa
ul.,Cyniowa,Cyniowa,Cyniowa
ul.,Cyprysowa,Cyprysowa,Cyprysowa
ul.,Cyraneczki,Cyraneczki,Cyraneczki
ul.,Cyrkoniowa,Cyrkoniowa,Cyrkoniowa
ul.,Cytrynowa,Cytrynowa,Cytrynowa
ul.,Czajcza,Czajcza,Czajcza
ul.,Czapla,Czapla,Czapla
ul.,Czaplinecka,Czaplinecka,Czaplinecka
ul.,Czarna Rola,Czarna Rola,Czarna Rola
ul.,Czarnieckiego Stefana,Czarnieckiego,Stefana Czarnieckiego
ul.,Czarnkowska,Czarnkowska,Czarnkowska
ul.,Czarnohorska,Czarnohorska,Czarnohorska
ul.,Czarnucha,Czarnucha,Czarnucha
ul.,Czartoria,Czartoria,Czartoria
ul.,Czechos³owacka,Czechos³owacka,Czechos³owacka
ul.,Czechowa,Czechowa,Czechowa
ul.,Czechowska,Czechowska,Czechowska
ul.,Czekalskie,Czekalskie,Czekalskie
ul.,Czekanowskiego,Czekanowskiego,Czekanowskiego
ul.,Czekoladowa,Czekoladowa,Czekoladowa
ul.,Czeladzka,Czeladzka,Czeladzka
ul.,Czempiñska,Czempiñska,Czempiñska
ul.,Czeremchowa,Czeremchowa,Czeremchowa
ul.,Czereœniowa,Czereœniowa,Czereœniowa
ul.,Czernichowska,Czernichowska,Czernichowska
ul.,Czerniejewska,Czerniejewska,Czerniejewska
ul.,Czernika Stanis³awa,Czernika,Stanis³awa Czernika
ul.,Czerska,Czerska,Czerska
ul.,Czerwiñskiego Boles³awa,Czerwiñskiego,Boles³awa Czerwiñskiego
ul.,Czes³awa œw.,Czes³awa,œw. Czes³awa
ul.,Czeœnikowska,Czeœnikowska,Czeœnikowska
ul.,Czêstochowska,Czêstochowska,Czêstochowska
ul.,Cz³opska,Cz³opska,Cz³opska
ul.,Cz³uchowska,Cz³uchowska,Cz³uchowska
ul.,Czorsztyñska,Czorsztyñska,Czorsztyñska
ul.,Czwartaków,Czwartaków,Czwartaków
ul.,Czysta,Czysta,Czysta
ul.,Æmielowska,Æmielowska,Æmielowska
ul.,Daktylowa,Daktylowa,Daktylowa
ul.,Daleka,Daleka,Daleka
ul.,Dalemiñska,Dalemiñska,Dalemiñska
ul.,Daliowa,Daliowa,Daliowa
ul.,Danuty,Danuty,Danuty
ul.,Danysz Anny,Danysz,Anny Danysz
ul.,Dar³owska,Dar³owska,Dar³owska
ul.,Darniowa,Darniowa,Darniowa
ul.,Darzyborska,Darzyborska,Darzyborska
ul.,Darzyñska,Darzyñska,Darzyñska
ul.,Daszewicka,Daszewicka,Daszewicka
ul.,Daszyñskiego Ignacego,Daszyñskiego,Ignacego Daszyñskiego
ul.,D¹browskiego Jana Henryka,D¹browskiego,Jana Henryka D¹browskiego
ul.,D¹brówki,D¹brówki,D¹brówki
ul.,Dedala,Dedala,Dedala
ul.,Dembowskiego Edwarda,Dembowskiego,Edwarda Dembowskiego
ul.,Dereniowa,Dereniowa,Dereniowa
ul.,Deszczowa,Deszczowa,Deszczowa
ul.,Dettloffa Szczêsnego,Dettloffa,Szczêsnego Dettloffa
ul.,Dêbicka,Dêbicka,Dêbicka
ul.,Dêbliñska,Dêbliñska,Dêbliñska
ul.,Dêbowa,Dêbowa,Dêbowa
ul.,Diamentowa,Diamentowa,Diamentowa
ul.,D³uga,D³uga,D³uga
ul.,D³ugosza Jana,D³ugosza,Jana D³ugosza
ul.,Dmowskiego Romana,Dmowskiego,Romana Dmowskiego
ul.,Dniestrzañska,Dniestrzañska,Dniestrzañska
ul.,Do Alei,Do Alei,Do Alei
ul.,Dobiegniewska,Dobiegniewska,Dobiegniewska
ul.,Dobra,Dobra,Dobra
ul.,Dobrepole,Dobrepole,Dobrepole
ul.,Dobrochny,Dobrochny,Dobrochny
ul.,Dobrodzieñska,Dobrodzieñska,Dobrodzieñska
ul.,Dobrogojskiego Ignacego,Dobrogojskiego,Ignacego Dobrogojskiego
ul.,Dobromiejska,Dobromiejska,Dobromiejska
ul.,Dobromi³y,Dobromi³y,Dobromi³y
ul.,Dobrowita,Dobrowita,Dobrowita
ul.,Dobrowolskiego Gieorgija,Dobrowolskiego,Gieorgija Dobrowolskiego
ul.,Dobrzyckiego Miko³aja,Dobrzyckiego,Miko³aja Dobrzyckiego
ul.,Dojazd,Dojazd,Dojazd
ul.,Dolina,Dolina,Dolina
ul.,Dolna,Dolna,Dolna
ul.,Dolna Wilda,D. Wilda,Dolna Wilda
ul.,Dolne Chyby,Dolne Chyby,Dolne Chyby
ul.,Dolska,Dolska,Dolska
ul.,Domeyki Ignacego,Domeyki,Ignacego Domeyki
ul.,Dominikañska,Dominikañska,Dominikañska
ul.,Dowbora-Muœnickiego Józefa,Dowbora-Muœnickiego,Józefa Dowbora-Muœnickiego
ul.,Do¿ynkowa,Do¿ynkowa,Do¿ynkowa
ul.,Drawska,Drawska,Drawska
ul.,Drewlañska,Drewlañska,Drewlañska
ul.,Drewsa Romana,Drewsa,Romana Drewsa
ul.,Drobna,Drobna,Drobna
ul.,Drobnika Tomasza,Drobnika,Tomasza Drobnika
ul.,Droga Dêbiñska,Droga Dêbiñska,D. Dêbiñska
ul.,Drogocin,Drogocin,Drogocin
ul.,Drogowców,Drogowców,Drogowców
ul.,Druskienicka,Druskienicka,Druskienicka
ul.,Dru¿backiej El¿biety,Dru¿backiej,El¿biety Dru¿backiej
ul.,Dru¿bickiego Kaspra,Dru¿bickiego,Kaspra Dru¿bickiego
ul.,Dru¿ynowa,Dru¿ynowa,Dru¿ynowa
ul.,Drwali,Drwali,Drwali
ul.,Drwêskiego Jarogniewa,Drwêskiego,Jarogniewa Drwêskiego
ul.,Drzewieckiego Conrada,Conrada Drzewieckiego,Conrada Drzewieckiego
ul.,Drzewieckiego Stefana,Drzewieckiego,Stefana Drzewieckiego
ul.,Drzewna,Drzewna,Drzewna
ul.,Drzyma³y Micha³a,Drzyma³y,Micha³a Drzyma³y
ul.,Dukielska,Dukielska,Dukielska
ul.,Dunajecka,Dunajecka,Dunajecka
ul.,Dunikowskiego Ksawerego,Dunikowskiego,Ksawerego Dunikowskiego
ul.,Duszna,Duszna,Duszna
ul.,Dusznicka,Dusznicka,Dusznicka
ul.,Dwatory,Dwatory,Dwatory
ul.,Dworcowa,Dworcowa,Dworcowa
ul.,Dworkowa,Dworkowa,Dworkowa
ul.,Dworska,Dworska,Dworska
ul.,Dybowskiego Benedykta Tadeusza,Dybowskiego,Benedykta Tadeusza Dybowskiego
ul.,Dygata,Dygata,Stanis³awa Dygata
ul.,Dziadoszañska,Dziadoszañska,Dziadoszañska
ul.,Dzia³kowa,Dzia³kowa,Dzia³kowa
ul.,Dzia³oszycka,Dzia³oszycka,Dzia³oszycka
ul.,Dzia³owa,Dzia³owa,Dzia³owa
ul.,Dzia³yñskich,Dzia³yñskich,Dzia³yñskich
ul.,Dzicza,Dzicza,Dzicza
ul.,Dzieci Wrzesiñskich,Dzieci Wrzesiñskich,Dzieci Wrzesiñskich
ul.,Dziedzicka,Dziedzicka,Dziedzicka
ul.,Dziekañska,Dziekañska,Dziekañska
ul.,Dziewanny,Dziewanny,Dziewanny
ul.,Dziewiñska,Dziewiñska,Dziewiñska
ul.,Dziêgielowa,Dziêgielowa,Dziêgielowa
ul.,Dziurawcowa,Dziurawcowa,Dziurawcowa
ul.,Dziwnowska,Dziwnowska,Dziwnowska
ul.,Elbl¹ska,Elbl¹ska,Elbl¹ska
ul.,Engestroma Wawrzyñca,Engestroma,Wawrzyñca Engestroma
ul.,Estkowskiego Ewarysta,Estkowskiego,Ewarysta Estkowskiego
ul.,Estoñska,Estoñska,Estoñska
ul.,Eurypidesa,Eurypidesa,Eurypidesa
ul.,Ewangelicka,Ewangelicka,Ewangelicka
ul.,Ezopa,Ezopa,Ezopa
ul.,Fabianowo,Fabianowo,Fabianowo
ul.,Fabryczna,Fabryczna,Fabryczna
ul.,Falista,Falista,Falista
ul.,Faszynowa,Faszynowa,Faszynowa
ul.,Fedrusa,Fedrusa,Fedrusa
ul.,Fiedlera Arkadego,Fiedlera,Arkadego Fiedlera
ul.,Fieldorfa Augusta Emila,Fieldorfa,Augusta Emila Fieldorfa
ul.,Figowa,Figowa,Figowa
ul.,Filarecka,Filarecka,Filarecka
ul.,Filipiñska,Filipiñska,Filipiñska
ul.,Fio³kowa,Fio³kowa,Fio³kowa
ul.,Firlika Franciszka,Firlika,Franciszka Firlika
ul.,Floksowa,Floksowa,Floksowa
ul.,Folwarczna,Folwarczna,Folwarczna
ul.,Forsycjowa,Forsycjowa,Forsycjowa
ul.,Forteczna,Forteczna,Forteczna
ul.,Franciszkañska,Franciszkañska,Franciszkañska
ul.,Franowo,Franowo,Franowo
ul.,Fredry Aleksandra,Fredry,Aleksandra Fredry
ul.,Fregatowa,Fregatowa,Fregatowa
ul.,Frezjowa,Frezjowa,Frezjowa
ul.,Fromborska,Fromborska,Fromborska
ul.,Gabszewicza Aleksandra,Gabszewicza,Aleksandra Gabszewicza
ul.,Gajcego Tadeusza,Gajcego,Tadeusza Gajcego
ul.,Gajowa,Gajowa,Gajowa
ul.,Galeonowa,Galeonowa,Galeonowa
ul.,Galileusza,Galileusza,Galileusza
ul.,Galla Anonima,Galla,Galla Anonima
ul.,Ga³czyñskiego Konstantego Ildefonsa,Ga³czyñskiego,Konstantego Ildefonsa Ga³czyñskiego
ul.,Garaszewo,Garaszewo,Garaszewo
ul.,Garbary,Garbary,Garbary
ul.,Garczyñskiego Józefa,Garczyñskiego,Józefa Garczyñskiego
ul.,Gardowska,Gardowska,Gardowska
ul.,Garncarska,Garncarska,Garncarska
ul.,Garsteckiego Maksymiliana,Garsteckiego,Maksymiliana Garsteckiego
ul.,G¹sawska,G¹sawska,G¹sawska
ul.,G¹siorowskich,G¹siorowskich,G¹siorowskich
ul.,Gdañska,Gdañska,Gdañska
ul.,Gdyñska,Gdyñska,Gdyñska
ul.,Geodetów,Geodetów,Geodetów
ul.,Gerberowa,Gerberowa,Gerberowa
ul.,Gerwela Czes³awa,Gerwela,Czes³awa Gerwela
ul.,Gêsia,Gêsia,Gêsia
ul.,Gieburowskiego Wac³awa,Gieburowskiego,Wac³awa Gieburowskiego
ul.,Gi¿ycka,Gi¿ycka,Gi¿ycka
ul.,Gladiolowa,Gladiolowa,Gladiolowa
ul.,Glebowa,Glebowa,Glebowa
ul.,Gliniana,Gliniana,Gliniana
ul.,Glinianki,Glinianki,Glinianki
ul.,Glinienko,Glinienko,Glinienko
ul.,Glinno,Glinno,Glinno
ul.,Gliwicka,Gliwicka,Gliwicka
ul.,G³adka,G³adka,G³adka
ul.,G³azowa,G³azowa,G³azowa
ul.,G³êboka,G³êboka,G³êboka
ul.,G³ogowa,G³ogowa,G³ogowa
ul.,G³ogowska,G³ogowska,G³ogowska
ul.,G³owicka,G³owicka,G³owicka
ul.,G³ówieniec,G³ówieniec,G³ówieniec
ul.,G³ówna,G³ówna,G³ówna
ul.,G³uchowska,G³uchowska,G³uchowska
ul.,G³uszyna,G³uszyna,G³uszyna
ul.,Gminna,Gminna,Gminna
ul.,Gniewka,Gniewka,Gniewka
ul.,Gniewska,Gniewska,Gniewska
ul.,GnieŸnieñska,GnieŸnieñska,GnieŸnieñska
ul.,Gogola Niko³aja,Gogola,Niko³aja Gogola
ul.,Gojawiczyñskiej,Gojawiczyñskiej,Poli Gojawiczyñskiej
ul.,Goleszowska,Goleszowska,Goleszowska
ul.,Golêciñska,Golêciñska,Golêciñska
ul.,Go³dapska,Go³dapska,Go³dapska
ul.,Go³êbia,Go³êbia,Go³êbia
ul.,Go³ê¿ycka,Go³ê¿ycka,Go³ê¿ycka
ul.,Go³ubiewa Antoniego,Go³ubiewa,Antoniego Go³ubiewa
ul.,Go³uchowska,Go³uchowska,Go³uchowska
ul.,Gombrowicza Witolda,Gombrowicza,Witolda Gombrowicza
ul.,Goplañska,Goplañska,Goplañska
ul.,Gorajska,Gorajska,Gorajska
ul.,Gorczycowa,Gorczycowa,Gorczycowa
ul.,Gorczyczewskiego Jana,Gorczyczewskiego,Jana Gorczyczewskiego
ul.,Gorlicka,Gorlicka,Gorlicka
ul.,Gorzowska,Gorzowska,Gorzowska
ul.,Gorzyñska,Gorzyñska,Gorzyñska
ul.,Gorzys³awa,Gorzys³awa,Gorzys³awa
ul.,Gosienieckiego Wiktora,Gosienieckiego,Wiktora Gosienieckiego
ul.,Gospodarska,Gospodarska,Gospodarska
ul.,Gostyñska,Gostyñska,Gostyñska
ul.,Goœcinna,Goœcinna,Goœcinna
ul.,GoŸdzikowa,GoŸdzikowa,GoŸdzikowa
ul.,Góra Przemys³a,Góra Przemys³a,Góra Przemys³a
ul.,Góralska,Góralska,Góralska
ul.,Górczyñska,Górczyñska,Górczyñska
ul.,Górecka,Górecka,Górecka
ul.,Górki,Górki,Górki
ul.,Górna Wilda,G. Wilda,Górna Wilda
ul.,Górnicza,Górnicza,Górnicza
ul.,Górska,Górska,Górska
ul.,Grabowa,Grabowa,Grabowa
ul.,Grabowska,Grabowska,Grabowska
ul.,Gradowa,Gradowa,Gradowa
ul.,Grajewska,Grajewska,Grajewska
ul.,Granatowa,Granatowa,Granatowa
ul.,Graniczna,Graniczna,Graniczna
ul.,Graniowa,Graniowa,Graniowa
ul.,Granowska,Granowska,Granowska
ul.,Gr¹bczowska,Gr¹bczowska,Gr¹bczowska
ul.,Grimma Wilhelma,Grimma,Wilhelma Grimma
ul.,Grobelnego Józefa,Grobelnego,Józefa Grobelnego
ul.,Grobla,Grobla,Grobla
ul.,Grochmalickiego Jana,Grochmalickiego,Jana Grochmalickiego
ul.,Grochowe £¹ki,Grochowe £¹ki,Grochowe £¹ki
ul.,Grochowiaka Stanis³awa,Grochowiaka,Stanis³awa Grochowiaka
ul.,Grochowska,Grochowska,Grochowska
ul.,Grodnicka,Grodnicka,Grodnicka
ul.,Grodzieñska,Grodzieñska,Grodzieñska
ul.,Grodziska,Grodziska,Grodziska
ul.,Gromadzka,Gromadzka,Gromadzka
ul.,Gronostajowa,Gronostajowa,Gronostajowa
ul.,Gronowa,Gronowa,Gronowa
ul.,Grota-Roweckiego Stefana,Grota-Roweckiego,Stefana Grota-Roweckiego
ul.,Grotkowska,Grotkowska,Grotkowska
ul.,Grottgera Artura,Grottgera,Artura Grottgera
ul.,Grójecka,Grójecka,Grójecka
ul.,Grudzi¹dzka,Grudzi¹dzka,Grudzi¹dzka
ul.,Grudzieniec,Grudzieniec,Grudzieniec
ul.,Gruntowa,Gruntowa,Gruntowa
ul.,Grunwaldzka,Grunwaldzka,Grunwaldzka
ul.,Gruszkowa,Gruszkowa,Gruszkowa
ul.,Gruziñska,Gruziñska,Gruziñska
ul.,Gryfiñska,Gryfiñska,Gryfiñska
ul.,Grzeœkiewicza Adama,Grzeœkiewicza,Adama Grzeœkiewicza
ul.,Grzmota-Skotnickiego Stanis³awa,Grzmota-Skotnickiego,Stanis³awa Grzmota-Skotnickiego
ul.,Grzybowa,Grzybowa,Grzybowa
ul.,Gubiñska,Gubiñska,Gubiñska
ul.,Guliwera,Guliwera,Guliwera
ul.,Gwarna,Gwarna,Gwarna
ul.,GwiaŸdzista,GwiaŸdzista,GwiaŸdzista
ul.,Haber-W³yñskiego Adama,Haber-W³yñskiego,Adama Haber-W³yñskiego
ul.,Hajduczka,Hajduczka,Hajduczka
ul.,Haliny,Haliny,Haliny
ul.,Hallera Józefa,Hallera,Józefa Hallera
ul.,Halna,Halna,Halna
ul.,Halszki,Halszki,Halszki
ul.,Hangarowa,Hangarowa,Hangarowa
ul.,Harcerska,Harcerska,Harcerska
ul.,Hawelañska,Hawelañska,Hawelañska
ul.,Hejmowskiego Stanis³awa,Hejmowskiego,Stanis³awa Hejmowskiego
ul.,Helska,Helska,Helska
ul.,Herberta Zbigniewa,Herberta,Zbigniewa Herberta
ul.,Herbowa,Herbowa,Herbowa
ul.,Hercena Aleksandra,Hercena,Aleksandra Hercena
ul.,Herlinga-Grudziñskiego Gustawa,Herlinga-Grudziñskiego,Gustawa Herlinga-Grudziñskiego
ul.,Hetmañska,Hetmañska,Hetmañska
ul.,Heweliusza,Heweliusza,Heweliusza
ul.,Hezjoda,Hezjoda,Hezjoda
ul.,Hiacyntowa,Hiacyntowa,Hiacyntowa
ul.,H³aski Marka,H³aski,Marka H³aski
ul.,Hodowlana,Hodowlana,Hodowlana
ul.,Hoffmanowej Klementyny,Hoffmanowej,Klementyny Hoffmanowej
ul.,Homera,Homera,Homera
ul.,Horacego,Horacego,Horacego
ul.,Ho¿a,Ho¿a,Ho¿a
ul.,Hrubieszowska,Hrubieszowska,Hrubieszowska
ul.,Hrynakowskiego Konstantego,Hrynakowskiego,Konstantego Hrynakowskiego
ul.,Hubalczyków,Hubalczyków,Hubalczyków
ul.,Huby Moraskie,Huby Moraskie,Huby Moraskie
ul.,Hulewiczów,Hulewiczów,Hulewiczów
ul.,Husarska,Husarska,Husarska
ul.,Hutnicza,Hutnicza,Hutnicza
ul.,Hynka Franciszka,Hynka,Franciszka Hynka
ul.,Idzikowskiego Ludwika,Idzikowskiego,Ludwika Idzikowskiego
ul.,Ikara,Ikara,Ikara
ul.,I³³akowiczówny Kazimiery,I³³akowiczówny,Kazimiery I³³akowiczówny
ul.,I³owska,I³owska,I³owska
ul.,I³¿añska,I³¿añska,I³¿añska
ul.,Inflancka,Inflancka,Inflancka
ul.,Inowroc³awska,Inowroc³awska,Inowroc³awska
ul.,Inspektowa,Inspektowa,Inspektowa
ul.,Irysowa,Irysowa,Irysowa
ul.,Irzykowskiego Karola,Irzykowskiego,Karola Irzykowskiego
ul.,Iwaszkiewicza Jaros³awa,Iwaszkiewicza,Jaros³awa Iwaszkiewicza
ul.,Iwonicka,Iwonicka,Iwonicka
ul.,Izbicka,Izbicka,Izbicka
ul.,Jab³onkowska,Jab³onkowska,Jab³onkowska
ul.,Jachowicza Stanis³awa,Jachowicza,Stanis³awa Jachowicza
ul.,Jachtowa,Jachtowa,Jachtowa
ul.,Jackowskiego Maksymiliana,Jackowskiego,Maksymiliana Jackowskiego
ul.,Jagodowa,Jagodowa,Jagodowa
ul.,Jakiela Stanis³awa,Jakiela,Stanis³awa Jakiela
ul.,Ja³owcowa,Ja³owcowa,Ja³owcowa
ul.,Jana Baptysty Quadro,Quadro,Jana Baptysty Quadro
ul.,Jana Paw³a II,JPII,Jana Paw³a 2
ul.,Janickiego Klemensa,Janickiego,Klemensa Janickiego
ul.,Janikowska,Janikowska,Janikowska
ul.,Janis³awy,Janis³awy,Janis³awy
ul.,Janiszewskiego Józefa,Janiszewskiego,Józefa Janiszewskiego
ul.,Janosika,Janosika,Janosika
ul.,Janowo,Janowo,Janowo
ul.,Janowska,Janowska,Janowska
ul.,Januszewskiej Hanny,Januszewskiej,Hanny Januszewskiej
ul.,Jaracza Stefana,Jaracza,Stefana Jaracza
ul.,Jaraczewska,Jaraczewska,Jaraczewska
ul.,Jarochowskiego Kazimierza,Jarochowskiego,Kazimierza Jarochowskiego
ul.,Jarociñska,Jarociñska,Jarociñska
ul.,Jaroczyñskiego Mariana,Jaroczyñskiego,Mariana Jaroczyñskiego
ul.,Jaromiñska,Jaromiñska,Jaromiñska
ul.,Jaromira,Jaromira,Jaromira
ul.,Jaros³awska,Jaros³awska,Jaros³awska
ul.,Jarowa,Jarowa,Jarowa
ul.,Jarzêbowa,Jarzêbowa,Jarzêbowa
ul.,Jasielska,Jasielska,Jasielska
ul.,Jaskiniowa,Jaskiniowa,Jaskiniowa
ul.,Jaskó³cza,Jaskó³cza,Jaskó³cza
ul.,Jasna,Jasna,Jasna
ul.,Jasna Rola,Jasna Rola,Jasna Rola
ul.,Jasne B³onie,Jasne B³onie,Jasne B³onie
ul.,Jaspisowa,Jaspisowa,Jaspisowa
ul.,Jastarnicka,Jastarnicka,Jastarnicka
ul.,Jastrowska,Jastrowska,Jastrowska
ul.,Jastrzêbia,Jastrzêbia,Jastrzêbia
ul.,Jaœkowiaka Franciszka,Jaœkowiaka,Franciszka Jaœkowiaka
ul.,Jaœminowa,Jaœminowa,Jaœminowa
ul.,Jawornicka,Jawornicka,Jawornicka
ul.,Jaworowa,Jaworowa,Jaworowa
ul.,Jedlicka,Jedlicka,Jedlicka
ul.,Jeleniogórska,Jeleniogórska,Jeleniogórska
ul.,Jelitkowska,Jelitkowska,Jelitkowska
ul.,Jemio³owa,Jemio³owa,Jemio³owa
ul.,Jerzego œw.,Jerzego,œw. Jerzego
ul.,Jesienna,Jesienna,Jesienna
ul.,Jesionowa,Jesionowa,Jesionowa
ul.,Jezierskiego Wincentego,Jezierskiego,Wincentego Jezierskiego
ul.,Jeziorañska,Jeziorañska,Jeziorañska
ul.,Je¿ycka,Je¿ycka,Je¿ycka
ul.,Je¿ynowa,Je¿ynowa,Je¿ynowa
ul.,Jêczmienna,Jêczmienna,Jêczmienna
ul.,Jêdrzejowska,Jêdrzejowska,Jêdrzejowska
ul.,Jod³owa,Jod³owa,Jod³owa
ul.,Jordana Henryka,Jordana,Henryka Jordana
ul.,Jugos³owiañska,Jugos³owiañska,Jugos³owiañska
ul.,Junacka,Junacka,Junacka
ul.,Junikowska,Junikowska,Junikowska
ul.,Juracka,Juracka,Juracka
ul.,Juranda,Juranda,Juranda
ul.,Jurandota,Jurandota,Jerzego Jurandota
ul.,Juraszów,Juraszów,Juraszów
ul.,Jutrosiñska,Jutrosiñska,Jutrosiñska
ul.,Jutrzenka,Jutrzenka,Jutrzenka
ul.,Juwenalisa,Juwenalisa,Juwenalisa
ul.,Kacza,Kacza,Kacza
ul.,Kaczeñcowa,Kaczeñcowa,Kaczeñcowa
ul.,Kaczmarka Ignacego,Kaczmarka,Ignacego Kaczmarka
ul.,Kadecka,Kadecka,Kadecka
ul.,Kad³ubka Wincentego,Kad³ubka,Wincentego Kad³ubka
ul.,Kajakowa,Kajakowa,Kajakowa
ul.,Kajki Micha³a,Kajki,Micha³a Kajki
ul.,Kalinowa,Kalinowa,Kalinowa
ul.,Kaliowa,Kaliowa,Kaliowa
ul.,Kaliska,Kaliska,Kaliska
ul.,Kamienicka,Kamienicka,Kamienicka
ul.,Kamienna,Kamienna,Kamienna
ul.,Kamiennogórska,Kamiennogórska,Kamiennogórska
ul.,Kamieñska,Kamieñska,Kamieñska
ul.,Kana³owa,Kana³owa,Kana³owa
ul.,Kanclerska,Kanclerska,Kanclerska
ul.,Kantaka Kazimierza,Kantaka,Kazimierza Kantaka
ul.,Kapitañska,Kapitañska,Kapitañska
ul.,Karawelowa,Karawelowa,Karawelowa
ul.,Karbowska,Karbowska,Karbowska
ul.,Kargowska,Kargowska,Kargowska
ul.,Karkonoska,Karkonoska,Karkonoska
ul.,Karliñska,Karliñska,Karliñska
ul.,Karmelicka,Karmelicka,Karmelicka
ul.,Karmelowa,Karmelowa,Karmelowa
ul.,Karpacka,Karpacka,Karpacka
ul.,Karpia,Karpia,Karpia
ul.,Karpicka,Karpicka,Karpicka
ul.,Karpiñskiej Aleksandry,Karpiñskiej,Aleksandry Karpiñskiej
ul.,Karsiñska,Karsiñska,Karsiñska
ul.,Karskiego Jana,Karskiego,Jana Karskiego
ul.,Kartuska,Kartuska,Kartuska
ul.,Karwieñska,Karwieñska,Karwieñska
ul.,Karwowskiego Stanis³awa,Karwowskiego,Stanis³awa Karwowskiego
ul.,Kasprowicza Jana,Kasprowicza,Jana Kasprowicza
ul.,Kasprzaka Marcina,Kasprzaka,Marcina Kasprzaka
ul.,Kassyusza Jana,Kassyusza,Jana Kassyusza
ul.,Kastylijska,Kastylijska,Kastylijska
ul.,Kasztanowa,Kasztanowa,Kasztanowa
ul.,Kasztelañska,Kasztelañska,Kasztelañska
ul.,Kaszubska,Kaszubska,Kaszubska
ul.,Kataloñska,Kataloñska,Kataloñska
ul.,Katowicka,Katowicka,Katowicka
ul.,K¹cik,K¹cik,K¹cik
ul.,K¹pielowa,K¹pielowa,K¹pielowa
ul.,Kcyñska,Kcyñska,Kcyñska
ul.,Keplera,Keplera,Jana Keplera
ul.,Ketlinga,Ketlinga,Ketlinga
ul.,Kêpa,Kêpa,Kêpa
ul.,Kêpiñska,Kêpiñska,Kêpiñska
ul.,Kiedacza Zbigniewa,Kiedacza,Zbigniewa Kiedacza
ul.,Kielecka,Kielecka,Kielecka
ul.,Kiemliczów,Kiemliczów,Kiemliczów
ul.,Kierska,Kierska,Kierska
ul.,Kiliñskiego Jana,Kiliñskiego,Jana Kiliñskiego
ul.,Kingi œw.,Kingi,œw. Kingi
ul.,Kirchholmska,Kirchholmska,Kirchholmska
ul.,Kisielewskiego Stefana,Kisielewskiego,Stefana Kisielewskiego
ul.,Klasztorna,Klasztorna,Klasztorna
ul.,Kleeberga Franciszka,Kleeberga,Franciszka Kleeberga
ul.,Klenowska,Klenowska,Klenowska
ul.,Klimontowska,Klimontowska,Klimontowska
ul.,Klin,Klin,Klin
ul.,Klonowa,Klonowa,Klonowa
ul.,Klonowica Sebastiana,Klonowica,Sebastiana Klonowica
ul.,Kluczborska,Kluczborska,Kluczborska
ul.,K³ecka,K³ecka,K³ecka
ul.,K³oñska,K³oñska,K³oñska
ul.,K³osowa,K³osowa,K³osowa
ul.,K³uszyñska,K³uszyñska,K³uszyñska
ul.,Kmicica,Kmicica,Kmicica
ul.,Kmieca,Kmieca,Kmieca
ul.,Kminkowa,Kminkowa,Kminkowa
ul.,Knapowskiego Stanis³awa,Knapowskiego,Stanis³awa Knapowskiego
ul.,Knolla-Kownackiego Edmunda,Knolla-Kownackiego,Edmunda Knolla-Kownackiego
ul.,Knyszyn,Knyszyn,Knyszyn
ul.,Kobylepole,Kobylepole,Kobylepole
ul.,Kobyliñska,Kobyliñska,Kobyliñska
ul.,Kocankowa,Kocankowa,Kocankowa
ul.,Kocha Roberta,Kocha,Roberta Kocha
ul.,Kochanowskiego Jana,Kochanowskiego,Jana Kochanowskiego
ul.,Kociewska,Kociewska,Kociewska
ul.,Kocjana Antoniego,Kocjana,Antoniego Kocjana
ul.,Kokosowa,Kokosowa,Kokosowa
ul.,Kolberga Oskara,Kolberga,Oskara Kolberga
ul.,Kolbuszowska,Kolbuszowska,Kolbuszowska
ul.,Kolejowa,Kolejowa,Kolejowa
ul.,Kolorowa,Kolorowa,Kolorowa
ul.,Kolska,Kolska,Kolska
ul.,Ko³³¹taja Hugona,Ko³³¹taja,Hugona Ko³³¹taja
ul.,Ko³obrzeska,Ko³obrzeska,Ko³obrzeska
ul.,Ko³odzieja,Ko³odzieja,Ko³odzieja
ul.,Komandoria,Komandoria,Komandoria
ul.,Komandorska,Komandorska,Komandorska
ul.,Komornicka,Komornicka,Komornicka
ul.,Konarowa,Konarowa,Konarowa
ul.,Konarskiego Stanis³awa,Konarskiego,Stanis³awa Konarskiego
ul.,Konarzewska,Konarzewska,Konarzewska
ul.,Konatkowskiej Gertrudy,Konatkowskiej,Gertrudy Konatkowskiej
ul.,Konfederacka,Konfederacka,Konfederacka
ul.,Koniñska,Koniñska,Koniñska
ul.,Konopna,Konopna,Konopna
ul.,Konopnickiej Marii,Konopnickiej,Marii Konopnickiej
ul.,Kontryma Boles³awa,Kontryma,Boles³awa Kontryma
ul.,Konwaliowa,Konwaliowa,Konwaliowa
ul.,Kopanina,Kopanina,Kopanina
ul.,Kopciuszka,Kopciuszka,Kopciuszka
ul.,Kopcowa,Kopcowa,Kopcowa
ul.,Kopczyñskiego Onufrego,Kopczyñskiego,Onufrego Kopczyñskiego
ul.,Kopernika Miko³aja,Kopernika,Miko³aja Kopernika
ul.,Koprowa,Koprowa,Koprowa
ul.,Koprzywnicka,Koprzywnicka,Koprzywnicka
ul.,Kopy Andrzeja,Kopy,Andrzeja Kopy
ul.,Kopylnik,Kopylnik,Kopylnik
ul.,Koralowa,Koralowa,Koralowa
ul.,Korbielowska,Korbielowska,Korbielowska
ul.,Korczaka Janusza,Korczaka,Janusza Korczaka
ul.,Korczyñska,Korczyñska,Korczyñska
ul.,Kordeckiego,Kordeckiego,Augustyna Kordeckiego
ul.,Korfantego Wojciecha,Korfantego,Wojciecha Korfantego
ul.,Kormorana,Kormorana,Kormorana
ul.,Koronkarska,Koronkarska,Koronkarska
ul.,Koronna,Koronna,Koronna
ul.,Koronowska,Koronowska,Koronowska
ul.,Korwetowa,Korwetowa,Korwetowa
ul.,Korzenna,Korzenna,Korzenna
ul.,Kosiarzy,Kosiarzy,Kosiarzy
ul.,Kosidowskiego Zenona,Kosidowskiego,Zenona Kosidowskiego
ul.,Kosiñskiego Antoniego,Kosiñskiego,Antoniego Kosiñskiego
ul.,Kosowska,Kosowska,Kosowska
ul.,Kossaka Juliusza,Kossaka,Juliusza Kossaka
ul.,Kostrzewskiego Józefa,Kostrzewskiego,Józefa Kostrzewskiego
ul.,Kostrzyñska,Kostrzyñska,Kostrzyñska
ul.,Kosynierska,Kosynierska,Kosynierska
ul.,Koszaliñska,Koszaliñska,Koszaliñska
ul.,Koœciañska,Koœciañska,Koœciañska
ul.,Koœcielna,Koœcielna,Koœcielna
ul.,Koœcielskiego Józefa,Koœcielskiego,Józefa Koœcielskiego
ul.,Koœcierzyñska,Koœcierzyñska,Koœcierzyñska
ul.,Koœciuszki Tadeusza,Koœciuszki,Tadeusza Koœciuszki
ul.,Kotarbiñskiego Tadeusza,Kotarbiñskiego,Tadeusza Kotarbiñskiego
ul.,Kotlarska,Kotlarska,Kotlarska
ul.,Kotliñska,Kotliñska,Kotliñska
ul.,Kotowo,Kotowo,Kotowo
ul.,Kotwicza W³adys³awa,Kotwicza,W³adys³awa Kotwicza
ul.,Kowalczyka,Kowalczyka,o. Honoriusza Kowalczyka
ul.,Kowalewicka,Kowalewicka,Kowalewicka
ul.,Kowalówki Henryka,Kowalówki,Henryka Kowalówki
ul.,Kowalska,Kowalska,Kowalska
ul.,Kowalskiego Rocha,Kowalskiego,Rocha Kowalskiego
ul.,Kowarska,Kowarska,Kowarska
ul.,Kozaka Romana,Kozaka,Romana Kozaka
ul.,Kozia,Kozia,Kozia
ul.,Kozienicka,Kozienicka,Kozienicka
ul.,Kozioro¿ca,Kozioro¿ca,Kozioro¿ca
ul.,Koz³owskiego W³adys³awa,Koz³owskiego,W³adys³awa Koz³owskiego
ul.,KoŸmiana,KoŸmiana,Jana KoŸmiana
ul.,KoŸmiñska,KoŸmiñska,KoŸmiñska
ul.,Kórnicka,Kórnicka,Kórnicka
ul.,Krajenecka,Krajenecka,Krajenecka
ul.,Krakowiaków i Górali,Krakowiaków i Górali,Krakowiaków i Górali
ul.,Krakowska,Krakowska,Krakowska
ul.,Kramarska,Kramarska,Kramarska
ul.,Krañcowa,Krañcowa,Krañcowa
ul.,Krapkowicka,Krapkowicka,Krapkowicka
ul.,Krasickiego Ignacego,Krasickiego,Ignacego Krasickiego
ul.,Krasiñskiego Zygmunta,Krasiñskiego,Zygmunta Krasiñskiego
ul.,Krasnoludków,Krasnoludków,Krasnoludków
ul.,Kraszewskiego Józefa,Kraszewskiego,Józefa Kraszewskiego
ul.,Kraœnicka,Kraœnicka,Kraœnicka
ul.,Krauthofera Jakuba,Krauthofera,Jakuba Krauthofera
ul.,Kresowa,Kresowa,Kresowa
ul.,Krobska,Krobska,Krobska
ul.,Krokusowa,Krokusowa,Krokusowa
ul.,Kroœnieñska,Kroœnieñska,Kroœnieñska
ul.,Kroœniewicka,Kroœniewicka,Kroœniewicka
ul.,Krotoszyñska,Krotoszyñska,Krotoszyñska
ul.,Królewny Œnie¿ki,Królewny Œnie¿ki,Królewny Œnie¿ki
ul.,Królewska,Królewska,Królewska
ul.,Królickiego Stanis³awa,Królickiego,Stanis³awa Królickiego
ul.,Królowej Jadwigi,Jadwigi,Kr. Jadwigi
ul.,Krótka,Krótka,Krótka
ul.,Krucza,Krucza,Krucza
ul.,Kruszwicka,Kruszwicka,Kruszwicka
ul.,Krwawnikowa,Krwawnikowa,Krwawnikowa
ul.,Kry³owa Iwana,Kry³owa,Iwana Kry³owa
ul.,Krynicka,Krynicka,Krynicka
ul.,Krysiewicza Boles³awa,Krysiewicza,Boles³awa Krysiewicza
ul.,Kryszta³owa,Kryszta³owa,Kryszta³owa
ul.,Krywiczañska,Krywiczañska,Krywiczañska
ul.,Krzemieniowa,Krzemieniowa,Krzemieniowa
ul.,Krzepicka,Krzepicka,Krzepicka
ul.,Krzesiny,Krzesiny,Krzesiny
ul.,Krzeszowicka,Krzeszowicka,Krzeszowicka
ul.,Krzywa,Krzywa,Krzywa
ul.,Krzywickiego Ludwika,Krzywickiego,Ludwika Krzywickiego
ul.,Krzywiñska,Krzywiñska,Krzywiñska
ul.,Krzywoustego Boles³awa,Krzywoustego,Boles³awa Krzywoustego
ul.,Krzy¿owa,Krzy¿owa,Krzy¿owa
ul.,Krzy¿ówki,Krzy¿ówki,Krzy¿ówki
ul.,Ksi¹¿êca,Ksi¹¿êca,Ksi¹¿êca
ul.,Ksiêcia Józefa,Ksiêcia Józefa,Ks. Józefa
ul.,Ksiêcia Mieszka I,Mieszka I,Ks. Mieszka I
ul.,Ksiê¿ycowa,Ksiê¿ycowa,Ksiê¿ycowa
ul.,Ku Cytadeli,Ku Cytadeli,Ku Cytadeli
ul.,Ku Dêbinie,Ku Dêbinie,Ku Dêbinie
ul.,Kubiaka Zygmunta,Kubiaka,Zygmunta Kubiaka
ul.,Kudowska,Kudowska,Kudowska
ul.,Kujawska,Kujawska,Kujawska
ul.,Kuku³cza,Kuku³cza,Kuku³cza
ul.,Kuncewiczowej,Kuncewiczowej,Marii Kuncewiczowej
ul.,Kunickiego Stanis³awa,Kunickiego,Stanis³awa Kunickiego
ul.,Kupa³y,Kupa³y,Kupa³y
ul.,Kurcewiczówny Heleny,Kurcewiczówny,Heleny Kurcewiczówny
ul.,Kurlandzka,Kurlandzka,Kurlandzka
ul.,Kurpiñskiego Karola,Kurpiñskiego,Karola Kurpiñskiego
ul.,Kurpiowska,Kurpiowska,Kurpiowska
ul.,Kurzanoga,Kurzanoga,Kurzanoga
ul.,Kutnowska,Kutnowska,Kutnowska
ul.,Kutrzeby Tadeusza gen.,Kutrzeby,gen. Tadeusza Kutrzeby
ul.,KuŸnicza,KuŸnicza,KuŸnicza
ul.,Kwiatkowskiego Eugeniusza,Kwiatkowskiego,Eugeniusza Kwiatkowskiego
ul.,Kwiatowa,Kwiatowa,Kwiatowa
ul.,Kwidzyñska,Kwidzyñska,Kwidzyñska
ul.,Kwiryny,Kwiryny,Kwiryny
ul.,Lachowicka,Lachowicka,Lachowicka
ul.,Langiewicza Mariana,Langiewicza,Mariana Langiewicza
ul.,Laskowa,Laskowa,Laskowa
ul.,Latawcowa,Latawcowa,Latawcowa
ul.,Latwisa Stanis³awa,Latwisa,Stanis³awa Latwisa
ul.,Laudañska,Laudañska,Laudañska
ul.,Laurowa,Laurowa,Laurowa
ul.,Lawendowa,Lawendowa,Lawendowa
ul.,Lazurowa,Lazurowa,Lazurowa
ul.,L¹decka,L¹decka,L¹decka
ul.,Lebiodowa,Lebiodowa,Lebiodowa
ul.,Lechicka,Lechicka,Lechicka
ul.,Lednicka,Lednicka,Lednicka
ul.,Ledóchowskiej Urszuli,Ledóchowskiej,Urszuli Ledóchowskiej
ul.,Legnicka,Legnicka,Legnicka
ul.,Lelewela Joachima,Lelewela,Joachima Lelewela
ul.,Lema Stanis³awa,Lema,Stanis³awa Lema
ul.,Lemierzycka,Lemierzycka,Lemierzycka
ul.,Leñskiego Juliana,Leñskiego,Juliana Leñskiego
ul.,Lermontowa Michai³a,Lermontowa,Michai³a Lermontowa
ul.,Leska,Leska,Leska
ul.,Leszczyñska,Leszczyñska,Leszczyñska
ul.,Leszka,Leszka,Leszka
ul.,Leœmiana Boles³awa,Leœmiana,Boles³awa Leœmiana
ul.,Leœna,Leœna,Leœna
ul.,Leœników,Leœników,Leœników
ul.,Leœnowolska,Leœnowolska,Leœnowolska
ul.,Leœnych Skrzatów,Leœnych Skrzatów,Leœnych Skrzatów
ul.,Letnia,Letnia,Letnia
ul.,Letniskowa,Letniskowa,Letniskowa
ul.,Lewandowskiego Baltazara,Lewandowskiego,Baltazara Lewandowskiego
ul.,Lewkoniowa,Lewkoniowa,Lewkoniowa
ul.,Le¿ajska,Le¿ajska,Le¿ajska
ul.,Lêborska,Lêborska,Lêborska
ul.,Libelta Karola,Libelta,Karola Libelta
ul.,Lidzbarska,Lidzbarska,Lidzbarska
ul.,Lidzka,Lidzka,Lidzka
ul.,Liliowa,Liliowa,Liliowa
ul.,Limanowska,Limanowska,Limanowska
ul.,Limanowskiego Boles³awa,Limanowskiego,Boles³awa Limanowskiego
ul.,Limbowa,Limbowa,Limbowa
ul.,Lindego Samuela,Lindego,Samuela Lindego
ul.,Lipnicka,Lipnicka,Lipnicka
ul.,Lipowa,Lipowa,Lipowa
ul.,Lisa Witalisa,Lisa Witalisa,Lisa Witalisa
ul.,Lisia,Lisia,Lisia
ul.,Lisowskiego Zygmunta,Lisowskiego,Zygmunta Lisowskiego
ul.,Listopadowa,Listopadowa,Listopadowa
ul.,Literacka,Literacka,Literacka
ul.,Litewska,Litewska,Litewska
ul.,Lodowa,Lodowa,Lodowa
ul.,Logi Adama,Logi,Adama Logi
ul.,Lotaryñska,Lotaryñska,Lotaryñska
ul.,Lotnicza,Lotnicza,Lotnicza
ul.,Lotosowa,Lotosowa,Lotosowa
ul.,Luba,Luba,Luba
ul.,Lubartowska,Lubartowska,Lubartowska
ul.,Lubczykowa,Lubczykowa,Lubczykowa
ul.,Lubeckiego Franciszka,Lubeckiego,Franciszka Lubeckiego
ul.,Lubelska,Lubelska,Lubelska
ul.,Lubiatowska,Lubiatowska,Lubiatowska
ul.,Lubieñska,Lubieñska,Lubieñska
ul.,Lubniewicka,Lubniewicka,Lubniewicka
ul.,Lubomierska,Lubomierska,Lubomierska
ul.,Luboñska,Luboñska,Luboñska
ul.,Lubosiñska,Lubosiñska,Lubosiñska
ul.,Lubowska,Lubowska,Lubowska
ul.,Lubrañskiego Jana,Lubrañskiego,Jana Lubrañskiego
ul.,Lubuszañska,Lubuszañska,Lubuszañska
ul.,Ludgardy,Ludgardy,Ludgardy
ul.,Ludmi³y,Ludmi³y,Ludmi³y
ul.,Ludos³awy,Ludos³awy,Ludos³awy
ul.,Ludygi-Laskowskiego Jana,Ludygi-Laskowskiego,Jana Ludygi-Laskowskiego
ul.,Lukrecjusza,Lukrecjusza,Lukrecjusza
ul.,Lumumby Patrice'a,Lumumby,Patrice'a Lumumby
ul.,Lutycka,Lutycka,Lutycka
ul.,Lwa,Lwa,Lwa
ul.,Lwówecka,Lwówecka,Lwówecka
ul.,£abêdzia,£abêdzia,£abêdzia
ul.,£abiszyñska,£abiszyñska,£abiszyñska
ul.,£acina,£acina,£acina
ul.,£ady,£ady,£ady
ul.,£agiewnicka,£agiewnicka,£agiewnicka
ul.,£agodna,£agodna,£agodna
ul.,£agowska,£agowska,£agowska
ul.,£anowa,£anowa,£anowa
ul.,£askarza Andrzeja,£askarza,Andrzeja £askarza
ul.,£awica,£awica,£awica
ul.,£azienna,£azienna,£azienna
ul.,£¹kowa,£¹kowa,£¹kowa
ul.,£ebska,£ebska,£ebska
ul.,£êczycka,£êczycka,£êczycka
ul.,£êgi Dêbiñskie,£êgi Dêbiñskie,£êgi Dêbiñskie
ul.,£êgowskiego Józefa,£êgowskiego,Józefa £êgowskiego
ul.,£obeska,£obeska,£obeska
ul.,£ob¿enicka,£ob¿enicka,£ob¿enicka
ul.,£omnicka,£omnicka,£omnicka
ul.,£om¿yñska,£om¿yñska,£om¿yñska
ul.,£opawska,£opawska,£opawska
ul.,£opianowa,£opianowa,£opianowa
ul.,£osiowa,£osiowa,£osiowa
ul.,£otewska,£otewska,£otewska
ul.,£owicka,£owicka,£owicka
ul.,£owmiañskiego Henryka,£owmiañskiego,Henryka £owmiañskiego
ul.,£ozowa,£ozowa,£ozowa
ul.,£ódzka,£ódzka,£ódzka
ul.,£ubieñskiej Konstancji,£ubieñskiej,Konstancji £ubieñskiej
ul.,£ubinowa,£ubinowa,£ubinowa
ul.,£uczanowska,£uczanowska,£uczanowska
ul.,£uczkowska,£uczkowska,£uczkowska
ul.,£ucznicza,£ucznicza,£ucznicza
ul.,£ugañska,£ugañska,£ugañska
ul.,£ukaszewicza Józefa,£ukaszewicza,Józefa £ukaszewicza
ul.,£upowska,£upowska,£upowska
ul.,£uszczewskiej,£uszczewskiej,Jadwigi £uszczewskiej
ul.,£u¿ycka,£u¿ycka,£u¿ycka
ul.,£yski,£yski,£yski
ul.,£ysogórska,£ysogórska,£ysogórska
ul.,£ysy M³yn,£ysy M³yn,£ysy M³yn
ul.,Macewicza Gustawa,Macewicza,Gustawa Macewicza
ul.,Maciejewskiego Jaros³awa,Maciejewskiego,Jaros³awa Maciejewskiego
ul.,Maciejkowa,Maciejkowa,Maciejkowa
ul.,Macierzankowa,Macierzankowa,Macierzankowa
ul.,Maczka gen. Stanis³awa,Maczka,gen. Stanis³awa Maczka
ul.,Madaliñskiego Antoniego,Madaliñskiego,Antoniego Madaliñskiego
ul.,Madziarska,Madziarska,Madziarska
ul.,Magazynowa,Magazynowa,Magazynowa
ul.,Magnacka,Magnacka,Magnacka
ul.,Magnoliowa,Magnoliowa,Magnoliowa
ul.,Majakowskiego,Majakowskiego,Majakowskiego
ul.,Majerankowa,Majerankowa,Majerankowa
ul.,Majowa,Majowa,Majowa
ul.,Maklakiewicza Jana,Maklakiewicza,Jana Maklakiewicza
ul.,Makoszowska,Makoszowska,Makoszowska
ul.,Makowa,Makowa,Makowa
ul.,Makowej Panienki,Makowej Panienki,Makowej Panienki
ul.,Maków Polnych,Maków Polnych,Maków Polnych
ul.,Makuszyñskiego Kornela,Makuszyñskiego,Kornela Makuszyñskiego
ul.,Malborska,Malborska,Malborska
ul.,Malczewskiego Jacka,Malczewskiego,Jacka Malczewskiego
ul.,Malechowska,Malechowska,Malechowska
ul.,Malewskiej,Malewskiej,Hanny Malewskiej
ul.,Malinowa,Malinowa,Malinowa
ul.,Malinowskiego Bronis³awa,Malinowskiego,Bronis³awa Malinowskiego
ul.,Maltañska,Maltañska,Maltañska
ul.,Malwowa,Malwowa,Malwowa
ul.,Ma³a,Ma³a,Ma³a
ul.,Ma³achowskiego Stanis³awa,Ma³achowskiego,Stanis³awa Ma³achowskiego
ul.,Ma³e Garbary,Ma³e Garbary,Ma³e Garbary
ul.,Ma³eckiego Antoniego,Ma³eckiego,Antoniego Ma³eckiego
ul.,Ma³opolska,Ma³opolska,Ma³opolska
ul.,Ma³oszyñska,Ma³oszyñska,Ma³oszyñska
ul.,Mandarynkowa,Mandarynkowa,Mandarynkowa
ul.,Mansfelda Petera,Mansfelda,Petera Mansfelda
ul.,Maratoñska,Maratoñska,Maratoñska
ul.,Marceliñska,Marceliñska,Marceliñska
ul.,Marciniaka Floriana,Marciniaka,Floriana Marciniaka
ul.,Margaretkowa,Margaretkowa,Margaretkowa
ul.,Margoniñska,Margoniñska,Margoniñska
ul.,Mariacka,Mariacka,Mariacka
ul.,Mariampolska,Mariampolska,Mariampolska
ul.,Marii Magdaleny œw.,Marii Magdaleny,œw. Marii Magdaleny
ul.,Marklowicka,Marklowicka,Marklowicka
ul.,Marsza³kowska,Marsza³kowska,Marsza³kowska
ul.,Marynarska,Marynarska,Marynarska
ul.,Marzanny,Marzanny,Marzanny
ul.,Maszewska,Maszewska,Maszewska
ul.,Masztalarska,Masztalarska,Masztalarska
ul.,Masztowa,Masztowa,Masztowa
ul.,Maszynowa,Maszynowa,Maszynowa
ul.,Mateckiego Teofila,Mateckiego,Teofila Mateckiego
ul.,Matejki Jana,Matejki,Jana Matejki
ul.,Matyi,Matyi,Stanis³awa Matyi
ul.,Maya Romana,Maya,Romana Maya
ul.,Mazowiecka,Mazowiecka,Mazowiecka
ul.,Mazurska,Mazurska,Mazurska
ul.,M¹czna,M¹czna,M¹czna
ul.,Meissnera Janusza,Meissnera,Janusza Meissnera
ul.,Meliorantów,Meliorantów,Meliorantów
ul.,Melisowa,Melisowa,Melisowa
ul.,Metalowa,Metalowa,Metalowa
ul.,Meteorytowa,Meteorytowa,Meteorytowa
ul.,Mewy,Mewy,Mewy
ul.,Mgielna,Mgielna,Mgielna
ul.,Miastkowska,Miastkowska,Miastkowska
ul.,Micha³a œw.,Micha³a,œw. Micha³a
ul.,Micha³owo,Micha³owo,Micha³owo
ul.,Micha³owska,Micha³owska,Micha³owska
ul.,Mickiewicza Adama,Mickiewicza,Adama Mickiewicza
ul.,Miechowska,Miechowska,Miechowska
ul.,Miecznikowska,Miecznikowska,Miecznikowska
ul.,Mieczykowa,Mieczykowa,Mieczykowa
ul.,Mieczys³awa Jastruna,Jastruna,Mieczys³awa Jastruna
ul.,Miedziana,Miedziana,Miedziana
ul.,Mielecka,Mielecka,Mielecka
ul.,Mieleszyñska,Mieleszyñska,Mieleszyñska
ul.,Mielêckiego Kazimierza,Mielêckiego,Kazimierza Mielêckiego
ul.,Miel¿yñskiego Seweryna,Miel¿yñskiego,Seweryna Miel¿yñskiego
ul.,Mieszkowska,Mieszkowska,Mieszkowska
ul.,Miêdzyborska,Miêdzyborska,Miêdzyborska
ul.,Miêdzychodzka,Miêdzychodzka,Miêdzychodzka
ul.,Miêdzyleska,Miêdzyleska,Miêdzyleska
ul.,Miêdzyzdrojska,Miêdzyzdrojska,Miêdzyzdrojska
ul.,Miêtowa,Miêtowa,Miêtowa
ul.,Migda³owa,Migda³owa,Migda³owa
ul.,Mikke Tadeusza,Mikke,Tadeusza Mikke
ul.,Miko³ajecka,Miko³ajecka,Miko³ajecka
ul.,Miko³owska,Miko³owska,Miko³owska
ul.,Mikstacka,Mikstacka,Mikstacka
ul.,Milczañska,Milczañska,Milczañska
ul.,Milicka,Milicka,Milicka
ul.,Mi³a,Mi³a,Mi³a
ul.,Mi³os³awska,Mi³os³awska,Mi³os³awska
ul.,Mi³osza,Mi³osza,Czes³awa Mi³osza
ul.,Mi³owita,Mi³owita,Mi³owita
ul.,Minikowo,Minikowo,Minikowo
ul.,Miñska,Miñska,Miñska
ul.,Miodowa,Miodowa,Miodowa
ul.,Miros³awiecka,Miros³awiecka,Miros³awiecka
ul.,Miros³awy,Miros³awy,Miros³awy
ul.,Mirtowa,Mirtowa,Mirtowa
ul.,Misia Uszatka,Misia Uszatka,Misia Uszatka
ul.,Miœnieñska,Miœnieñska,Miœnieñska
ul.,Mleczowa,Mleczowa,Mleczowa
ul.,M³awska,M³awska,M³awska
ul.,M³yñska,M³yñska,M³yñska
ul.,Modliñska,Modliñska,Modliñska
ul.,Modra,Modra,Modra
ul.,Modrakowa,Modrakowa,Modrakowa
ul.,Modrzejewskiej Heleny,Modrzejewskiej,Heleny Modrzejewskiej
ul.,Modrzewiowa,Modrzewiowa,Modrzewiowa
ul.,Mogileñska,Mogileñska,Mogileñska
ul.,Mokra,Mokra,Mokra
ul.,Mo³dawska,Mo³dawska,Mo³dawska
ul.,Moraczewskiej Bibianny,Moraczewskiej,Bibianny Moraczewskiej
ul.,Morasko,Morasko,Morasko
ul.,Morawska,Morawska,Morawska
ul.,Morawskiego Franciszka,Morawskiego,Franciszka Morawskiego
ul.,Morelowa,Morelowa,Morelowa
ul.,Morenowa,Morenowa,Morenowa
ul.,Morska,Morska,Morska
ul.,Morszyñska,Morszyñska,Morszyñska
ul.,Morwowa,Morwowa,Morwowa
ul.,Moryñska,Moryñska,Moryñska
ul.,Morzyczañska,Morzyczañska,Morzyczañska
ul.,Mostowa,Mostowa,Mostowa
ul.,Mottego Marcelego,Mottego,Marcelego Mottego
ul.,Mr¹gowska,Mr¹gowska,Mr¹gowska
ul.,Mrowiñska,Mrowiñska,Mrowiñska
ul.,MroŸna,MroŸna,MroŸna
ul.,Mrze¿yñska,Mrze¿yñska,Mrze¿yñska
ul.,Mœcibora,Mœcibora,Mœcibora
ul.,Murawa,Murawa,Murawa
ul.,Murna,Murna,Murna
ul.,Muszkowska,Muszkowska,Muszkowska
ul.,Muszyñska,Muszyñska,Muszyñska
ul.,Mylna,Mylna,Mylna
ul.,Myœliborska,Myœliborska,Myœliborska
ul.,Myœliwska,Myœliwska,Myœliwska
ul.,Na Do³ku,Na Do³ku,Na Do³ku
ul.,Na Miasteczku,Na Miasteczku,Na Miasteczku
ul.,Na Podgórniku,Na Podgórniku,Na Podgórniku
ul.,Na Skarpie,Na Skarpie,Na Skarpie
ul.,Na Stoku,Na Stoku,Na Stoku
ul.,Na Szañcach,Na Szañcach,Na Szañcach
ul.,Na Uboczu,Na Uboczu,Na Uboczu
ul.,Nad Bogdank¹,Nad Bogdank¹,Nad Bogdank¹
ul.,Nad Jeziorem,Nad Jeziorem,Nad Jeziorem
ul.,Nad Krzesink¹,Nad Krzesink¹,Nad Krzesink¹
ul.,Nad £ê¿ynk¹,Nad £ê¿ynk¹,Nad £ê¿ynk¹
ul.,Nad Miedz¹,Nad Miedz¹,Nad Miedz¹
ul.,Nad Pokrzywk¹,Nad Pokrzywk¹,Nad Pokrzywk¹
ul.,Nad Potokiem,Nad Potokiem,Nad Potokiem
ul.,Nad Ró¿anym Potokiem,Nad Ró¿anym Potokiem,Nad Ró¿anym Potokiem
ul.,Nad Segank¹,Nad Segank¹,Nad Segank¹
ul.,Nad Sp³awk¹,Nad Sp³awk¹,Nad Sp³awk¹
ul.,Nad Starynk¹,Nad Starynk¹,Nad Starynk¹
ul.,Nad Wierzbakiem,Nad Wierzbakiem,Nad Wierzbakiem
ul.,Nadbrze¿e,Nadbrze¿e,Nadbrze¿e
ul.,Nadolnik,Nadolnik,Nadolnik
ul.,Nadwarciañska,Nadwarciañska,Nadwarciañska
ul.,Nagietkowa,Nagietkowa,Nagietkowa
ul.,Nag³owicka,Nag³owicka,Nag³owicka
ul.,Nagórskiego Jana,Nagórskiego,Jana Nagórskiego
ul.,Nakielska,Nakielska,Nakielska
ul.,Na³êczowska,Na³êczowska,Na³êczowska
ul.,Na³kowskiej Zofii,Na³kowskiej,Zofii Na³kowskiej
ul.,Namys³owska,Namys³owska,Namys³owska
ul.,Napoleoñska,Napoleoñska,Napoleoñska
ul.,Naramowicka,Naramowicka,Naramowicka
ul.,Narcyzowa,Narcyzowa,Narcyzowa
ul.,Narewska,Narewska,Narewska
ul.,Nasienna,Nasienna,Nasienna
ul.,Nasturcjowa,Nasturcjowa,Nasturcjowa
ul.,Nawigacyjna,Nawigacyjna,Nawigacyjna
ul.,Nawrota ks. Edwarda,Nawrota,ks. Edwarda Nawrota
ul.,Nefrytowa,Nefrytowa,Nefrytowa
ul.,Nehringa W³adys³awa,Nehringa,W³adys³awa Nehringa
ul.,Newtona Izaaka,Newtona,Izaaka Newtona
ul.,Nidziañska,Nidziañska,Nidziañska
ul.,Nieca³a,Nieca³a,Nieca³a
ul.,Niedbalskiego Stanis³awa,Niedbalskiego,Stanis³awa Niedbalskiego
ul.,Niedzia³kowskiego Mieczys³awa,Niedzia³kowskiego,Mieczys³awa Niedzia³kowskiego
ul.,Niegolewskich Andrzeja i W³adys³awa,Niegolewskich,Andrzeja i W³adys³awa Niegolewskich
ul.,Niemcewicza Juliana,Niemcewicza,Juliana Niemcewicza
ul.,Niemeñska,Niemeñska,Niemeñska
ul.,Niepodleg³oœci,Niepodleg³oœci,Niepodleg³oœci
ul.,Niepo³omicka,Niepo³omicka,Niepo³omicka
ul.,Niestachowska,Niestachowska,Niestachowska
ul.,Nieszawska,Nieszawska,Nieszawska
ul.,Niez³omnych,Niez³omnych,Niez³omnych
ul.,Nie¿ychowskiego Kazimierza,Nie¿ychowskiego,Kazimierza Nie¿ychowskiego
ul.,Niska,Niska,Niska
ul.,Nizinna,Nizinna,Nizinna
ul.,Ni¿añska,Ni¿añska,Ni¿añska
ul.,Normandzka,Normandzka,Normandzka
ul.,Norwida Cypriana,Norwida,Cypriana Norwida
ul.,Noskowskiego Zygmunta,Noskowskiego,Zygmunta Noskowskiego
ul.,Notecka,Notecka,Notecka
ul.,Nowaka,Nowaka,Alojzego Nowaka
ul.,Nowakowskiego Stanis³awa,Nowakowskiego,Stanis³awa Nowakowskiego
ul.,Nowe Zagórze,Nowe Zagórze,Nowe Zagórze
ul.,Nowina,Nowina,Nowina
ul.,Nowogrodzka,Nowogrodzka,Nowogrodzka
ul.,Nowokramska,Nowokramska,Nowokramska
ul.,Nowos¹decka,Nowos¹decka,Nowos¹decka
ul.,Nowosolska,Nowosolska,Nowosolska
ul.,Nowotarska,Nowotarska,Nowotarska
ul.,Nowotomyska,Nowotomyska,Nowotomyska
ul.,Nowowiejskiego Feliksa,Nowowiejskiego,Feliksa Nowowiejskiego
ul.,Nowowo³kowyska,Nowowo³kowyska,Nowowo³kowyska
ul.,Nowy Œwiat,Nowy Œwiat,Nowy Œwiat
ul.,Obodrzycka,Obodrzycka,Obodrzycka
ul.,Obornicka,Obornicka,Obornicka
ul.,Obozowa,Obozowa,Obozowa
ul.,Obronna,Obronna,Obronna
ul.,Obroñców Tobruku,Obroñców Tobruku,Obroñców Tobruku
ul.,Obrzañska,Obrzañska,Obrzañska
ul.,Obrze¿e,Obrze¿e,Obrze¿e
ul.,Obrzyca,Obrzyca,Obrzyca
ul.,Ochota,Ochota,Ochota
ul.,Odleg³a,Odleg³a,Odleg³a
ul.,Odolanowska,Odolanowska,Odolanowska
ul.,Odrzycka,Odrzycka,Odrzycka
ul.,Ognik,Ognik,Ognik
ul.,Ogrodowa,Ogrodowa,Ogrodowa
ul.,Ojcowska,Ojcowska,Ojcowska
ul.,Okolewo,Okolewo,Okolewo
ul.,Okonecka,Okonecka,Okonecka
ul.,Okopowa,Okopowa,Okopowa
ul.,Okólna,Okólna,Okólna
ul.,Okrêtowa,Okrêtowa,Okrêtowa
ul.,Okrzei Stefana,Okrzei,Stefana Okrzei
ul.,Okulickiego Leopolda,Okulickiego,Leopolda Okulickiego
ul.,Olchowa,Olchowa,Olchowa
ul.,Olecka,Olecka,Olecka
ul.,Oleœnicka,Oleœnicka,Oleœnicka
ul.,Olimpijska,Olimpijska,Olimpijska
ul.,Oliwkowa,Oliwkowa,Oliwkowa
ul.,Oliwska,Oliwska,Oliwska
ul.,Olkuska,Olkuska,Olkuska
ul.,Olsztyñska,Olsztyñska,Olsztyñska
ul.,Olszynka,Olszynka,Olszynka
ul.,Olzañska,Olzañska,Olzañska
ul.,O³awska,O³awska,O³awska
ul.,Omañkowskiej Janiny,Omañkowskiej,Janiny Omañkowskiej
ul.,Opalenicka,Opalenicka,Opalenicka
ul.,Opalowa,Opalowa,Opalowa
ul.,Opatowska,Opatowska,Opatowska
ul.,Opawska,Opawska,Opawska
ul.,Opieñskiego Henryka,Opieñskiego,Henryka Opieñskiego
ul.,Op³otki,Op³otki,Op³otki
ul.,Opoczyñska,Opoczyñska,Opoczyñska
ul.,Opolska,Opolska,Opolska
ul.,Oppmana Artura,Oppmana,Artura Oppmana
ul.,Orê¿na,Orê¿na,Orê¿na
ul.,Orkana W³adys³awa,Orkana,W³adys³awa Orkana
ul.,Orla,Orla,Orla
ul.,Orl¹t,Orl¹t,Orl¹t
ul.,Orna,Orna,Orna
ul.,Ornecka,Ornecka,Ornecka
ul.,Orszañska,Orszañska,Orszañska
ul.,Orzechowa,Orzechowa,Orzechowa
ul.,Orzeszkowej Elizy,Orzeszkowej,Elizy Orzeszkowej
ul.,Osiecka,Osiecka,Osiecka
ul.,Osinowa,Osinowa,Osinowa
ul.,Oskierki,Oskierki,Oskierki
ul.,Ossowskiego Micha³a,Ossowskiego,Micha³a Ossowskiego
ul.,Ostatnia,Ostatnia,Ostatnia
ul.,Osterwy Juliusza,Osterwy,Juliusza Osterwy
ul.,Ostrobramska,Ostrobramska,Ostrobramska
ul.,Ostro³êcka,Ostro³êcka,Ostro³êcka
ul.,Ostroroga Jana,Ostroroga,Jana Ostroroga
ul.,Ostrowska,Ostrowska,Ostrowska
ul.,Ostródzka,Ostródzka,Ostródzka
ul.,Ostrów Tumski,Ostrów Tumski,Ostrów Tumski
ul.,Ostrówek,Ostrówek,Ostrówek
ul.,Ostrzeszowska,Ostrzeszowska,Ostrzeszowska
ul.,Oœwiêcimska,Oœwiêcimska,Oœwiêcimska
ul.,Otwarta,Otwarta,Otwarta
ul.,Otwocka,Otwocka,Otwocka
ul.,Owcza,Owcza,Owcza
ul.,Owczarska,Owczarska,Owczarska
ul.,Owidiusza,Owidiusza,Owidiusza
ul.,Ownicka,Ownicka,Ownicka
ul.,Owocowa,Owocowa,Owocowa
ul.,Owsiana,Owsiana,Owsiana
ul.,Ozimina,Ozimina,Ozimina
ul.,O¿arowska,O¿arowska,O¿arowska
ul.,Pabianicka,Pabianicka,Pabianicka
ul.,Pacajewa Wiktora,Pacajewa,Wiktora Pacajewa
ul.,Paczkowska,Paczkowska,Paczkowska
ul.,Paczoskiego Józefa,Paczoskiego,Józefa Paczoskiego
ul.,Paderewskiego Ignacego,Paderewskiego,Ignacego Paderewskiego
ul.,Pajzderskiego Nikodema,Pajzderskiego,Nikodema Pajzderskiego
ul.,Palacza Macieja,Palacza,Macieja Palacza
ul.,Palucha Mieczys³awa,Palucha,Mieczys³awa Palucha
ul.,Pa³ucka,Pa³ucka,Pa³ucka
ul.,Pami¹tkowa,Pami¹tkowa,Pami¹tkowa
ul.,Pana Kleksa,Pana Kleksa,Pana Kleksa
ul.,Pana Twardowskiego,Pana Twardowskiego,Pana Twardowskiego
ul.,Panny,Panny,Panny
ul.,Panny Marii,Panny Marii,Panny Marii
ul.,Parandowskiego Jana,Parandowskiego,Jana Parandowskiego
ul.,Parkowa,Parkowa,Parkowa
ul.,Parnickiego Teodora,Parnickiego,Teodora Parnickiego
ul.,Partyzancka,Partyzancka,Partyzancka
ul.,Pasieka,Pasieka,Pasieka
ul.,Pas³êcka,Pas³êcka,Pas³êcka
ul.,Pastelowa,Pastelowa,Pastelowa
ul.,Pasterska,Pasterska,Pasterska
ul.,Paszty Józefa,Paszty,Józefa Paszty
ul.,Paukszty Eugeniusza,Paukszty,Eugeniusza Paukszty
ul.,Pawia,Pawia,Pawia
ul.,Pawlikowskiej-Jasnorzewskiej Marii,Pawlikowskiej-Jasnorzewskiej,Marii Pawlikowskiej-Jasnorzewskiej
ul.,Paw³owicka,Paw³owicka,Paw³owicka
ul.,Paw³owskiego Stanis³awa,Paw³owskiego,Stanis³awa Paw³owskiego
ul.,Pelpliñska,Pelpliñska,Pelpliñska
ul.,Perkoza,Perkoza,Perkoza
ul.,Perkuna,Perkuna,Perkuna
ul.,Per³owska,Per³owska,Per³owska
ul.,Perzycka,Perzycka,Perzycka
ul.,Petuniowa,Petuniowa,Petuniowa
ul.,PGR Wielkie,PGR Wielkie,PGR Wielkie
ul.,Piargowa,Piargowa,Piargowa
ul.,Piaseckiego Eugeniusza,Piaseckiego,Eugeniusza Piaseckiego
ul.,Piaskowa,Piaskowa,Piaskowa
ul.,Piastowska,Piastowska,Piastowska
ul.,Piaœnicka,Piaœnicka,Piaœnicka
ul.,Pi¹tkowska,Pi¹tkowska,Pi¹tkowska
ul.,Pieka³kiewicza Jana,Pieka³kiewicza,Jana Pieka³kiewicza
ul.,Piekary,Piekary,Piekary
ul.,Pierwiosnkowa,Pierwiosnkowa,Pierwiosnkowa
ul.,Pietrusiñskiego Jana,Pietrusiñskiego,Jana Pietrusiñskiego
ul.,Piêkna,Piêkna,Piêkna
ul.,Pileckiego Witolda,Pileckiego,Witolda Pileckiego
ul.,Pilicka,Pilicka,Pilicka
ul.,Pilotów,Pilotów,Pilotów
ul.,Pilska,Pilska,Pilska
ul.,Pi³sudskiego Józefa,Pi³sudskiego,Józefa Pi³sudskiego
ul.,Piñczowska,Piñczowska,Piñczowska
ul.,Pio³unowa,Pio³unowa,Pio³unowa
ul.,Pionierska,Pionierska,Pionierska
ul.,Piotrowo,Piotrowo,Piotrowo
ul.,Piotrowska,Piotrowska,Piotrowska
ul.,Piwna,Piwna,Piwna
ul.,Piwoniowa,Piwoniowa,Piwoniowa
ul.,Platanowa,Platanowa,Platanowa
ul.,Plater Emilii,Plater,Emilii Plater
ul.,Plauta,Plauta,Plauta
ul.,Plebañska,Plebañska,Plebañska
ul.,Pleszewska,Pleszewska,Pleszewska
ul.,Plonowa,Plonowa,Plonowa
ul.,P³ocka,P³ocka,P³ocka
ul.,P³omienna,P³omienna,P³omienna
ul.,P³owiecka,P³owiecka,P³owiecka
ul.,Pniewska,Pniewska,Pniewska
ul.,Pniewskiego W³adys³awa,Pniewskiego,W³adys³awa Pniewskiego
ul.,Pobiedziska,Pobiedziska,Pobiedziska
ul.,Pobielska,Pobielska,Pobielska
ul.,Pochy³a,Pochy³a,Pochy³a
ul.,Podbia³owa,Podbia³owa,Podbia³owa
ul.,Podbipiêty Longinusa,Podbipiêty,Longinusa Podbipiêty
ul.,Podbórska,Podbórska,Podbórska
ul.,Podchor¹¿ych,Podchor¹¿ych,Podchor¹¿ych
ul.,Podgajska,Podgajska,Podgajska
ul.,Podgórna,Podgórna,Podgórna
ul.,Podgórze,Podgórze,Podgórze
ul.,Podhalañska,Podhalañska,Podhalañska
ul.,Podjaryszki,Podjaryszki,Podjaryszki
ul.,Podjazdowa,Podjazdowa,Podjazdowa
ul.,Podkomorska,Podkomorska,Podkomorska
ul.,Podlaska,Podlaska,Podlaska
ul.,Podleœna,Podleœna,Podleœna
ul.,Podmiejska,Podmiejska,Podmiejska
ul.,Podmok³a,Podmok³a,Podmok³a
ul.,Podolañska,Podolañska,Podolañska
ul.,Podolska,Podolska,Podolska
ul.,Podstoliñska,Podstoliñska,Podstoliñska
ul.,Podwale,Podwale,Podwale
ul.,Pogodna,Pogodna,Pogodna
ul.,Pogorzelska,Pogorzelska,Pogorzelska
ul.,Pokrzywno,Pokrzywno,Pokrzywno
ul.,Polanicka,Polanicka,Polanicka
ul.,Polanka,Polanka,Polanka
ul.,Polanowska,Polanowska,Polanowska
ul.,Polañska,Polañska,Polañska
ul.,Poleska,Poleska,Poleska
ul.,Poligonowa,Poligonowa,Poligonowa
ul.,Pollaka Romana,Pollaka,Romana Pollaka
ul.,Polna,Polna,Polna
ul.,Polska,Polska,Polska
ul.,Po³abska,Po³abska,Po³abska
ul.,Po³aniecka,Po³aniecka,Po³aniecka
ul.,Po³czyñska,Po³czyñska,Po³czyñska
ul.,Po³udniowa,Po³udniowa,Po³udniowa
ul.,Pomarañczowa,Pomarañczowa,Pomarañczowa
ul.,Pomorska,Pomorska,Pomorska
ul.,Poniecka,Poniecka,Poniecka
ul.,Popiela,Popiela,Popiela
ul.,Popliñskich,Popliñskich,Popliñskich
ul.,Popradzka,Popradzka,Popradzka
ul.,Poprzeczna,Poprzeczna,Poprzeczna
ul.,Popularna,Popularna,Popularna
ul.,Poranek,Poranek,Poranek
ul.,Poraziñskiej Janiny,Poraziñskiej,Janiny Poraziñskiej
ul.,Porêba,Porêba,Porêba
ul.,Poroniñska,Poroniñska,Poroniñska
ul.,Porzeczkowa,Porzeczkowa,Porzeczkowa
ul.,Posadzego ks. Ignacego,Posadzego,ks. Ignacego Posadzego
ul.,Postawska,Postawska,Postawska
ul.,Poœwiata,Poœwiata,Poœwiata
ul.,Poœwiatowskiej Haliny,Poœwiatowskiej,Haliny Poœwiatowskiej
ul.,Potockiej Klaudyny,Potockiej,Klaudyny Potockiej
ul.,Potworowskiego Gustawa,Potworowskiego,Gustawa Potworowskiego
ul.,Powidzka,Powidzka,Powidzka
ul.,Powojowa,Powojowa,Powojowa
ul.,Powstañców Wielkopolskich,Powstañców Wlkp,Powstañców Wielkopolskich
ul.,Powstañcza,Powstañcza,Powstañcza
ul.,Pozdawnicka,Pozdawnicka,Pozdawnicka
ul.,Poziomkowa,Poziomkowa,Poziomkowa
ul.,Poznañska,Poznañska,Poznañska
ul.,Poznañskie Sady,Poznañskie Sady,Poznañskie Sady
ul.,Pó³nocna,Pó³nocna,Pó³nocna
ul.,Pó³wiejska,Pó³wiejska,Pó³wiejska
ul.,Prabucka,Prabucka,Prabucka
ul.,Prauziñskiego,Prauziñskiego,Leona Prauziñskiego
ul.,Pr¹dnicka,Pr¹dnicka,Pr¹dnicka
ul.,Pr¹dzyñskiego Ignacego,Pr¹dzyñskiego,Ignacego Pr¹dzyñskiego
ul.,Promienista,Promienista,Promienista
ul.,Promyk,Promyk,Promyk
ul.,Proroka Leszka,Proroka,Leszka Proroka
ul.,Prosta,Prosta,Prosta
ul.,Proœnicka,Proœnicka,Proœnicka
ul.,Prowansalska,Prowansalska,Prowansalska
ul.,Prusa Boles³awa,Prusa,Boles³awa Prusa
ul.,Prusimska,Prusimska,Prusimska
ul.,Pruszkowska,Pruszkowska,Pruszkowska
ul.,Pru¿añska,Pru¿añska,Pru¿añska
ul.,Prymasa Augusta Hlonda,Hlonda,Prymasa Hlonda
ul.,Prymasa Stefana Wyszyñskiego,Wyszyñskiego,Prymasa Wyszyñskiego
ul.,Przasnyska,Przasnyska,Przasnyska
ul.,Prz¹œniczki,Prz¹œniczki,Prz¹œniczki
ul.,Przebiœniegowa,Przebiœniegowa,Przebiœniegowa
ul.,Przedborska,Przedborska,Przedborska
ul.,Przedpole,Przedpole,Przedpole
ul.,Przelot,Przelot,Przelot
ul.,Prze³ajowa,Prze³ajowa,Prze³ajowa
ul.,Prze³êcz,Prze³êcz,Prze³êcz
ul.,Prze³om,Prze³om,Prze³om
ul.,Przemyska,Przemyska,Przemyska
ul.,Przemys³owa,Przemys³owa,Przemys³owa
ul.,Przepadek,Przepadek,Przepadek
ul.,Przepiórcza,Przepiórcza,Przepiórcza
ul.,Przeskok,Przeskok,Przeskok
ul.,Przesmyk,Przesmyk,Przesmyk
ul.,Przeœwit,Przeœwit,Przeœwit
ul.,Przeworska,Przeworska,Przeworska
ul.,Przy Autostradzie,Przy Autostradzie,Przy Autostradzie
ul.,Przy Dolinie,Przy Dolinie,Przy Dolinie
ul.,Przybrodzka,Przybrodzka,Przybrodzka
ul.,Przybylskiego Józefa,Przybylskiego,Józefa Przybylskiego
ul.,Przybyszewskiego Stanis³awa,Przybyszewskiego,Stanis³awa Przybyszewskiego
ul.,Przygraniczna,Przygraniczna,Przygraniczna
ul.,Przyjemna,Przyjemna,Przyjemna
ul.,Przylaszczkowa,Przylaszczkowa,Przylaszczkowa
ul.,Przy³uskiego Leona,Przy³uskiego,Leona Przy³uskiego
ul.,Przystañ,Przystañ,Przystañ
ul.,Przytoczna,Przytoczna,Przytoczna
ul.,Psarskie,Psarskie,Psarskie
ul.,Pskowska,Pskowska,Pskowska
ul.,Pstrowskiego Wincentego,Pstrowskiego,Wincentego Pstrowskiego
ul.,Pszczelna,Pszczelna,Pszczelna
ul.,Pszczyñska,Pszczyñska,Pszczyñska
ul.,Pszenna,Pszenna,Pszenna
ul.,Ptasia,Ptasia,Ptasia
ul.,Ptaszkowska,Ptaszkowska,Ptaszkowska
ul.,Pucka,Pucka,Pucka
ul.,Pu³askiego Kazimierza,Pu³askiego,Kazimierza Pu³askiego
ul.,Pu³awska,Pu³awska,Pu³awska
ul.,Pu³tuska,Pu³tuska,Pu³tuska
ul.,Pusta,Pusta,Pusta
ul.,Pustkowska,Pustkowska,Pustkowska
ul.,Puszkina Aleksandra,Puszkina,Aleksandra Puszkina
ul.,Pu¿aka Kazimierza,Pu¿aka,Kazimierza Pu¿aka
ul.,Pyrzyczañska,Pyrzyczañska,Pyrzyczañska
ul.,Rabczañska,Rabczañska,Rabczañska
ul.,Raciborska,Raciborska,Raciborska
ul.,Racjonalizatorów,Racjonalizatorów,Racjonalizatorów
ul.,Rac³awicka,Rac³awicka,Rac³awicka
ul.,Raczyñskiego Edwarda,Raczyñskiego,Edwarda Raczyñskiego
ul.,Radliñska,Radliñska,Radliñska
ul.,Rad³owa,Rad³owa,Rad³owa
ul.,Radojewo,Radojewo,Radojewo
ul.,Radomska,Radomska,Radomska
ul.,Radosna,Radosna,Radosna
ul.,Radowita,Radowita,Radowita
ul.,Radyñska,Radyñska,Radyñska
ul.,Radziejowska,Radziejowska,Radziejowska
ul.,Radziwoja,Radziwoja,Radziwoja
ul.,Raka,Raka,Raka
ul.,Rakietowa,Rakietowa,Rakietowa
ul.,Rakoniewicka,Rakoniewicka,Rakoniewicka
ul.,Rakowicza Jana,Rakowicza,Jana Rakowicza
ul.,Ranowska,Ranowska,Ranowska
ul.,Rapackiego Wincentego,Rapackiego,Wincentego Rapackiego
ul.,Raszkowska,Raszkowska,Raszkowska
ul.,Raszyñska,Raszyñska,Raszyñska
ul.,Rataja Macieja,Rataja,Macieja Rataja
ul.,Ratajczaka Franciszka,Ratajczaka,Franciszka Ratajczaka
ul.,Rataje,Rataje,Rataje
ul.,Rawicka,Rawicka,Rawicka
ul.,Rawicz-Mys³owskiego Mieczys³awa,Rawicz-Mys³owskiego,Mieczys³awa Rawicz-Mys³owskiego
ul.,Rdestowa,Rdestowa,Rdestowa
ul.,Reczeñska,Reczeñska,Reczeñska
ul.,Redarowska,Redarowska,Redarowska
ul.,Regatowa,Regatowa,Regatowa
ul.,Reglowa,Reglowa,Reglowa
ul.,Reja Miko³aja,Reja,Miko³aja Reja
ul.,Rejewskiego Mariana,Rejewskiego,Mariana Rejewskiego
ul.,Rejtana Tadeusza,Rejtana,Tadeusza Rejtana
ul.,Reknicka,Reknicka,Reknicka
ul.,Rekreacyjna,Rekreacyjna,Rekreacyjna
ul.,Rembertowska,Rembertowska,Rembertowska
ul.,Retmañska,Retmañska,Retmañska
ul.,Rewalska,Rewalska,Rewalska
ul.,Reymonta W³adys³awa,Reymonta,W³adys³awa Reymonta
ul.,Rezedowa,Rezedowa,Rezedowa
ul.,Rivolego Józefa,Rivolego,Józefa Rivolego
ul.,Robocza,Robocza,Robocza
ul.,Rodawska,Rodawska,Rodawska
ul.,Rodowicza Jana,Rodowicza,Jana Rodowicza
ul.,Rodziewiczówny Marii,Rodziewiczówny,Marii Rodziewiczówny
ul.,Rodzynkowa,Rodzynkowa,Rodzynkowa
ul.,Rogaliñskiego Józefa,Rogaliñskiego,Józefa Rogaliñskiego
ul.,Rogowska,Rogowska,Rogowska
ul.,Rogoziñska,Rogoziñska,Rogoziñska
ul.,Rojna,Rojna,Rojna
ul.,Rokietnicka,Rokietnicka,Rokietnicka
ul.,Rokity,Rokity,Rokity
ul.,Rolna,Rolna,Rolna
ul.,Roosevelta Franklina,Roosevelta,Franklina Roosevelta
ul.,Ropczycka,Ropczycka,Ropczycka
ul.,Rosnowska,Rosnowska,Rosnowska
ul.,Rostworowskiego Stanis³awa,Rostworowskiego,Stanis³awa Rostworowskiego
ul.,Roœlinna,Roœlinna,Roœlinna
ul.,Rozewska,Rozewska,Rozewska
ul.,Rozmarynowa,Rozmarynowa,Rozmarynowa
ul.,Roztocka,Roztocka,Roztocka
ul.,Rozwadowska,Rozwadowska,Rozwadowska
ul.,Ro¿ka Marcina,Ro¿ka,Marcina Ro¿ka
ul.,Równa,Równa,Równa
ul.,Ró¿ana,Ró¿ana,Ró¿ana
ul.,Ró¿any Targ,Ró¿any Targ,Ró¿any Targ
ul.,Ró¿yckiego Jerzego,Ró¿yckiego,Jerzego Ró¿yckiego
ul.,Ró¿yczkowa,Ró¿yczkowa,Ró¿yczkowa
ul.,Rubie¿,Rubie¿,Rubie¿
ul.,Rubinowa,Rubinowa,Rubinowa
ul.,Ruczajowa,Ruczajowa,Ruczajowa
ul.,Rudnickiego Miko³aja,Rudnickiego,Miko³aja Rudnickiego
ul.,Rudnicze,Rudnicze,Rudnicze
ul.,Rudzka,Rudzka,Rudzka
ul.,Rugego Tadeusza,Rugego,Tadeusza Rugego
ul.,Rugijska,Rugijska,Rugijska
ul.,Rumcajsa,Rumcajsa,Rumcajsa
ul.,Rumiankowa,Rumiankowa,Rumiankowa
ul.,Rumuñska,Rumuñska,Rumuñska
ul.,Rungego Stanis³awa,Rungego,Stanis³awa Rungego
ul.,Ruska,Ruska,Ruska
ul.,Ryb,Ryb,Ryb
ul.,Rybaki,Rybaki,Rybaki
ul.,Rybitwy,Rybitwy,Rybitwy
ul.,Rybnicka,Rybnicka,Rybnicka
ul.,Rybojadzka,Rybojadzka,Rybojadzka
ul.,Rycerska,Rycerska,Rycerska
ul.,Rydlewskich,Rydlewskich,Marii i Celestyna Rydlewskich
ul.,Rydzowa,Rydzowa,Rydzowa
ul.,Rydzyñska,Rydzyñska,Rydzyñska
ul.,Rylejewa Kondratija,Rylejewa,Kondratija Rylejewa
ul.,Rylla Franciszka,Rylla,Franciszka Rylla
ul.,Rymanowska,Rymanowska,Rymanowska
ul.,Rymarkiewicza Jana,Rymarkiewicza,Jana Rymarkiewicza
ul.,Rymera Józefa,Rymera,Józefa Rymera
ul.,Rynarzewska,Rynarzewska,Rynarzewska
ul.,Rynkowa,Rynkowa,Rynkowa
ul.,Rypiñska,Rypiñska,Rypiñska
ul.,Rysia,Rysia,Rysia
ul.,Rzeczañska,Rzeczañska,Rzeczañska
ul.,Rzeczna,Rzeczna,Rzeczna
ul.,Rzepeckiej Heleny,Rzepeckiej,Heleny Rzepeckiej
ul.,Rzepiñska,Rzepiñska,Rzepiñska
ul.,Rzeszowska,Rzeszowska,Rzeszowska
ul.,Rzewieniowa,Rzewieniowa,Rzewieniowa
ul.,Rzewuskiego Wac³awa,Rzewuskiego,Wac³awa Rzewuskiego
ul.,Sabiny,Sabiny,Sabiny
ul.,Sadnicka,Sadnicka,Sadnicka
ul.,Sadowa,Sadowa,Sadowa
ul.,Safony,Safony,Safony
ul.,Salicka,Salicka,Salicka
ul.,Samotna,Samotna,Samotna
ul.,Sanatoryjna,Sanatoryjna,Sanatoryjna
ul.,Sandomierska,Sandomierska,Sandomierska
ul.,Sanocka,Sanocka,Sanocka
ul.,Santocka,Santocka,Santocka
ul.,Saperska,Saperska,Saperska
ul.,Sarbinowska,Sarbinowska,Sarbinowska
ul.,Sarmacka,Sarmacka,Sarmacka
ul.,Sarnia,Sarnia,Sarnia
ul.,Sasankowa,Sasankowa,Sasankowa
ul.,S¹siedzka,S¹siedzka,S¹siedzka
ul.,Sczanieckiej Emilii,Sczanieckiej,Emilii Sczanieckiej
ul.,Selizarowska,Selizarowska,Selizarowska
ul.,Sempo³owskiej Stefanii,Sempo³owskiej,Stefanii Sempo³owskiej
ul.,Senatorska,Senatorska,Senatorska
ul.,Seneki,Seneki,Seneki
ul.,Serafitek,Serafitek,Serafitek
ul.,Serbska,Serbska,Serbska
ul.,Serdeczna,Serdeczna,Serdeczna
ul.,Serwisowa,Serwisowa,Serwisowa
ul.,Sêdziwoja,Sêdziwoja,Sêdziwoja
ul.,Sêpia,Sêpia,Sêpia
ul.,Sêpoleñska,Sêpoleñska,Sêpoleñska
ul.,Sianowska,Sianowska,Sianowska
ul.,Siedmiogrodzka,Siedmiogrodzka,Siedmiogrodzka
ul.,Sielawy,Sielawy,Sielawy
ul.,Sielska,Sielska,Sielska
ul.,Siemiradzkiego Henryka,Siemiradzkiego,Henryka Siemiradzkiego
ul.,Sienkiewicza Henryka,Sienkiewicza,Henryka Sienkiewicza
ul.,Sieradzka,Sieradzka,Sieradzka
ul.,Sierakowska,Sierakowska,Sierakowska
ul.,Sieroca,Sieroca,Sieroca
ul.,Sierotki Marysi,Sierotki Marysi,Sierotki Marysi
ul.,Sierpowa,Sierpowa,Sierpowa
ul.,Siewierska,Siewierska,Siewierska
ul.,Siewna,Siewna,Siewna
ul.,Sikorskiego W³adys³awa,Sikorskiego,W³adys³awa Sikorskiego
ul.,Silniki,Silniki,Silniki
ul.,Sióstr Misjonarek,Sióstr Misjonarek,Sióstr Misjonarek
ul.,Skalna,Skalna,Skalna
ul.,Skalskiego Stanis³awa,Skalskiego,Stanis³awa Skalskiego
ul.,Ska³kowskiego Adama,Ska³kowskiego,Adama Ska³kowskiego
ul.,Skarbka Fryderyka,Skarbka,Fryderyka Skarbka
ul.,Skargi Piotra,Skargi,Piotra Skargi
ul.,Skarszewska,Skarszewska,Skarszewska
ul.,Skar¿yñskiego Stanis³awa,Skar¿yñskiego,Stanis³awa Skar¿yñskiego
ul.,Skawiñska,Skawiñska,Skawiñska
ul.,Skibowa,Skibowa,Skibowa
ul.,Sk³adowa,Sk³adowa,Sk³adowa
ul.,Skoczowska,Skoczowska,Skoczowska
ul.,Skorpiona,Skorpiona,Skorpiona
ul.,Skoœna,Skoœna,Skoœna
ul.,Skotarska,Skotarska,Skotarska
ul.,Skórzewska,Skórzewska,Skórzewska
ul.,Skrajna,Skrajna,Skrajna
ul.,Skromna,Skromna,Skromna
ul.,Skryta,Skryta,Skryta
ul.,Skrzetuskiego Jana,Skrzetuskiego,Jana Skrzetuskiego
ul.,Skrzydlata,Skrzydlata,Skrzydlata
ul.,Skrzypowa,Skrzypowa,Skrzypowa
ul.,Skwierzyñska,Skwierzyñska,Skwierzyñska
ul.,S³awiñska,S³awiñska,S³awiñska
ul.,S³awomira,S³awomira,S³awomira
ul.,S³awskiego Rogera,S³awskiego,Rogera S³awskiego
ul.,S³odyñska,S³odyñska,S³odyñska
ul.,S³omiana,S³omiana,S³omiana
ul.,S³oneczna,S³oneczna,S³oneczna
ul.,S³onecznikowa,S³onecznikowa,S³onecznikowa
ul.,S³onimska,S³onimska,S³onimska
ul.,S³owackiego Juliusza,S³owackiego,Juliusza S³owackiego
ul.,S³owiañska,S³owiañska,S³owiañska
ul.,S³owicza,S³owicza,S³owicza
ul.,S³ubicka,S³ubicka,S³ubicka
ul.,S³upecka,S³upecka,S³upecka
ul.,S³upska,S³upska,S³upska
ul.,Smardzewska,Smardzewska,Smardzewska
ul.,Smoka Wawelskiego,Smoka Wawelskiego,Smoka Wawelskiego
ul.,Smoleñska,Smoleñska,Smoleñska
ul.,Smolna,Smolna,Smolna
ul.,Smoluchowskiego Mariana,Smoluchowskiego,Mariana Smoluchowskiego
ul.,Smo³dzinowska,Smo³dzinowska,Smo³dzinowska
ul.,Snopowa,Snopowa,Snopowa
ul.,Sobies³awa,Sobies³awa,Sobies³awa
ul.,Sobolowa,Sobolowa,Sobolowa
ul.,Sobotecka,Sobotecka,Sobotecka
ul.,Sochaczewska,Sochaczewska,Sochaczewska
ul.,Sofoklesa,Sofoklesa,Sofoklesa
ul.,Sokolnickiej Zofii,Sokolnickiej,Zofii Sokolnickiej
ul.,Soko³a,Soko³a,Soko³a
ul.,Soko³owskiego Jana,Soko³owskiego,Jana Soko³owskiego
ul.,Solecka,Solecka,Solecka
ul.,Solna,Solna,Solna
ul.,Solskiego Ludwika,Solskiego,Ludwika Solskiego
ul.,So³tysia,So³tysia,So³tysia
ul.,Sopocka,Sopocka,Sopocka
ul.,Soroki,Soroki,Soroki
ul.,Sosnowa,Sosnowa,Sosnowa
ul.,Soœnicka,Soœnicka,Soœnicka
ul.,Sowia,Sowia,Sowia
ul.,Sowice,Sowice,Sowice
ul.,Sowiñskiego Józefa,Sowiñskiego,Józefa Sowiñskiego
ul.,Spacerowa,Spacerowa,Spacerowa
ul.,Spadochronowa,Spadochronowa,Spadochronowa
ul.,Spadzista,Spadzista,Spadzista
ul.,Spichrzowa,Spichrzowa,Spichrzowa
ul.,Sp³awie,Sp³awie,Sp³awie
ul.,Spokojna,Spokojna,Spokojna
ul.,Sporna,Sporna,Sporna
ul.,Sportowa,Sportowa,Sportowa
ul.,Srebrna,Srebrna,Srebrna
ul.,Stablewskiego Floriana,Stablewskiego,Floriana Stablewskiego
ul.,Staffa,Staffa,Leopolda Staffa
ul.,Stalowa,Stalowa,Stalowa
ul.,Stanis³awa œw.,Stanis³awa,œw. Stanis³awa
ul.,Stara Cegielnia,Stara Cegielnia,Stara Cegielnia
ul.,Starachowicka,Starachowicka,Starachowicka
ul.,Starkowska,Starkowska,Starkowska
ul.,Starogardzka,Starogardzka,Starogardzka
ul.,Staro³êcka,Staro³êcka,Staro³êcka
ul.,Starowiejska,Starowiejska,Starowiejska
ul.,Startowa,Startowa,Startowa
ul.,Stary Rynek,Stary Rynek,St. Rynek
ul.,Staszica Stanis³awa,Staszica,Stanis³awa Staszica
ul.,Staszowska,Staszowska,Staszowska
ul.,Stawna,Stawna,Stawna
ul.,Stefañskiego Walentego,Stefañskiego,Walentego Stefañskiego
ul.,Sterowa,Sterowa,Sterowa
ul.,Stewnicka,Stewnicka,Stewnicka
ul.,Stêszewska,Stêszewska,Stêszewska
ul.,Stobnicka,Stobnicka,Stobnicka
ul.,Stobrawska,Stobrawska,Stobrawska
ul.,Stoiñskiego Stefana,Stoiñskiego,Stefana Stoiñskiego
ul.,Stokrotkowa,Stokrotkowa,Stokrotkowa
ul.,Stolarska,Stolarska,Stolarska
ul.,Storczykowa,Storczykowa,Storczykowa
ul.,Stra¿ewicza Wac³awa,Stra¿ewicza,Wac³awa Stra¿ewicza
ul.,Stra¿y Ludowej,Stra¿y Ludowej,Stra¿y Ludowej
ul.,Stró¿yñskiego Franciszka,Stró¿yñskiego,Stró¿yñskiego Franciszka
ul.,Strugarka Stanis³awa,Strugarka,Stanis³awa Strugarka
ul.,Strusia Józefa,Strusia,Józefa Strusia
ul.,Strykowska,Strykowska,Strykowska
ul.,Strza³kowska,Strza³kowska,Strza³kowska
ul.,Strza³kowskiego Romka,Strza³kowskiego,Romka Strza³kowskiego
ul.,Strza³owa,Strza³owa,Strza³owa
ul.,Strzecha,Strzecha,Strzecha
ul.,Strzegomska,Strzegomska,Strzegomska
ul.,Strzelca,Strzelca,Strzelca
ul.,Strzelecka,Strzelecka,Strzelecka
ul.,Strzeleckiego Paw³a,Strzeleckiego,Paw³a Strzeleckiego
ul.,Strzeliñska,Strzeliñska,Strzeliñska
ul.,Strzeszyñska,Strzeszyñska,Strzeszyñska
ul.,Strzy¿owska,Strzy¿owska,Strzy¿owska
ul.,Studzienna,Studzienna,Studzienna
ul.,Styczyñskiego Wincentego,Styczyñskiego,Wincentego Styczyñskiego
ul.,Sucha,Sucha,Sucha
ul.,Sucharskiego Henryka,Sucharskiego,Henryka Sucharskiego
ul.,Sucholeska,Sucholeska,Sucholeska
ul.,Sulechowska,Sulechowska,Sulechowska
ul.,Suliszewska,Suliszewska,Suliszewska
ul.,Sulmierzycka,Sulmierzycka,Sulmierzycka
ul.,Su³kowicka,Su³kowicka,Su³kowicka
ul.,Su³owska,Su³owska,Su³owska
ul.,Suszki Jerzego,Suszki,Jerzego Suszki
ul.,Suwalska,Suwalska,Suwalska
ul.,Swantibora,Swantibora,Swantibora
ul.,Swaro¿yca,Swaro¿yca,Swaro¿yca
ul.,Swarzêdzka,Swarzêdzka,Swarzêdzka
ul.,Swinarskiego,Swinarskiego,Artura Marii Swinarskiego
ul.,Swoboda,Swoboda,Swoboda
ul.,Swojska,Swojska,Swojska
ul.,Sycowska,Sycowska,Sycowska
ul.,Sycylijska,Sycylijska,Sycylijska
ul.,Synów Pu³ku,Synów Pu³ku,Synów Pu³ku
ul.,Sypniewo,Sypniewo,Sypniewo
ul.,Syrenia,Syrenia,Syrenia
ul.,Syrokomli W³adys³awa,Syrokomli,W³adys³awa Syrokomli
ul.,Sytkowska,Sytkowska,Sytkowska
ul.,Szadecka,Szadecka,Szadecka
ul.,Szafirowa,Szafirowa,Szafirowa
ul.,Szaflarska,Szaflarska,Szaflarska
ul.,Szafran Heleny,Szafran,Heleny Szafran
ul.,Sza³asa Kazimierza,Sza³asa,Kazimierza Sza³asa
ul.,Sza³wiowa,Sza³wiowa,Sza³wiowa
ul.,Szamarzewskiego Augustyna,Szamarzewskiego,Augustyna Szamarzewskiego
ul.,Szamociñska,Szamociñska,Szamociñska
ul.,Szamotulska,Szamotulska,Szamotulska
ul.,Szantowa,Szantowa,Szantowa
ul.,Szarotkowa,Szarotkowa,Szarotkowa
ul.,Szarych Szeregów,Szarych Szeregów,Szarych Szeregów
ul.,Szczawiowa,Szczawiowa,Szczawiowa
ul.,Szczawnicka,Szczawnicka,Szczawnicka
ul.,Szczeciñska,Szczeciñska,Szczeciñska
ul.,Szczepana œw.,Szczepana,œw. Szczepana
ul.,Szczepankowo,Szczepankowo,Szczepankowo
ul.,Szczepanowskiego Stanis³awa,Szczepanowskiego,Stanis³awa Szczepanowskiego
ul.,Szczêsna,Szczêsna,Szczêsna
ul.,Szczurkiewiczów Nuny i Boles³awa,Szczurkiewiczów,Nuny i Boles³awa Szczurkiewiczów
ul.,Szczytnicka,Szczytnicka,Szczytnicka
ul.,Szeherezady,Szeherezady,Szeherezady
ul.,Szel¹gowska,Szel¹gowska,Szel¹gowska
ul.,Szelburg-Zarembiny Ewy,Szelburg-Zarembiny,Ewy Szelburg-Zarembiny
ul.,Szeligowskiego Tadeusza,Szeligowskiego,Tadeusza Szeligowskiego
ul.,Szenwalda Lucjana,Szenwalda,Lucjana Szenwalda
ul.,Szewska,Szewska,Szewska
ul.,Szklarniowa,Szklarniowa,Szklarniowa
ul.,Szkolna,Szkolna,Szkolna
ul.,Szkunerowa,Szkunerowa,Szkunerowa
ul.,Szkutnicza,Szkutnicza,Szkutnicza
ul.,Szlachecka,Szlachecka,Szlachecka
ul.,Szmaragdowa,Szmaragdowa,Szmaragdowa
ul.,Szolca-Rogoziñskiego Stefana,Szolca-Rogoziñskiego,Stefana Szolca-Rogoziñskiego
ul.,Szopienicka,Szopienicka,Szopienicka
ul.,Szpaków,Szpaków,Szpaków
ul.,Szpitalna,Szpitalna,Szpitalna
ul.,Szpotañskiego Janusza,Szpotañskiego,Janusza Szpotañskiego
ul.,Szreniawska,Szreniawska,Szreniawska
ul.,Szronowa,Szronowa,Szronowa
ul.,Sztaudyngera Jana,Sztaudyngera,Jana Sztaudyngera
ul.,Sztormowa,Sztormowa,Sztormowa
ul.,Szubiñska,Szubiñska,Szubiñska
ul.,Szwajcarska,Szwajcarska,Szwajcarska
ul.,Szwedzka,Szwedzka,Szwedzka
ul.,Szweykowskiego Zygmunta,Szweykowskiego,Zygmunta Szweykowskiego
ul.,Szybowcowa,Szybowcowa,Szybowcowa
ul.,Szyd³owiecka,Szyd³owiecka,Szyd³owiecka
ul.,Szyd³owska,Szyd³owska,Szyd³owska
ul.,Szylinga Arnolda,Szylinga,Arnolda Szylinga
ul.,Szymanowskiego Karola,Szymanowskiego,Karola Szymanowskiego
ul.,Szymañskiego Romana,Szymañskiego,Romana Szymañskiego
ul.,Szymborska,Szymborska,Szymborska
ul.,Szyperska,Szyperska,Szyperska
ul.,Œciegiennego Piotra,Œciegiennego,Piotra Œciegiennego
ul.,Œcinawska,Œcinawska,Œcinawska
ul.,Œlazowa,Œlazowa,Œlazowa
ul.,Œl¹ska,Œl¹ska,Œl¹ska
ul.,Œlesiñska,Œlesiñska,Œlesiñska
ul.,Œlê¿añska,Œlê¿añska,Œlê¿añska
ul.,Œliska,Œliska,Œliska
ul.,Œliwkowa,Œliwkowa,Œliwkowa
ul.,Œlusarska,Œlusarska,Œlusarska
ul.,Œmia³a,Œmia³a,Œmia³a
ul.,Œmie³owska,Œmie³owska,Œmie³owska
ul.,Œmigi,Œmigi,Œmigi
ul.,Œmigielska,Œmigielska,Œmigielska
ul.,Œniadeckich,Œniadeckich,Œniadeckich
ul.,Œniegockiego Henryka,Œniegockiego,Henryka Œniegockiego
ul.,Œnie¿na,Œnie¿na,Œnie¿na
ul.,Œpiewaków,Œpiewaków,Œpiewaków
ul.,Œrednia,Œrednia,Œrednia
ul.,Œredzka,Œredzka,Œredzka
ul.,Œremska,Œremska,Œremska
ul.,Œródka,Œródka,Œródka
ul.,œw. Jacka,Jacka,œw. Jacka
ul.,œw. Leonarda,Leonarda,œw. Leonarda
ul.,œw. Rocha,Rocha,Rocha œw.
ul.,Œwiatope³ka,Œwiatope³ka,Œwiatope³ka
ul.,Œwi¹tniczki,Œwi¹tniczki,Œwi¹tniczki
ul.,Œwidnicka,Œwidnicka,Œwidnicka
ul.,Œwiebodziñska,Œwiebodziñska,Œwiebodziñska
ul.,Œwiecka,Œwiecka,Œwiecka
ul.,Œwieradowska,Œwieradowska,Œwieradowska
ul.,Œwierkowa,Œwierkowa,Œwierkowa
ul.,Œwierzawska,Œwierzawska,Œwierzawska
ul.,Œwietlana,Œwietlana,Œwietlana
ul.,Œwiêciañska,Œwiêciañska,Œwiêciañska
ul.,Œwiêcickiego Heliodora,Œwiêcickiego,Heliodora Œwiêcickiego
ul.,Œwierczewska,Œwierczewska,Œwierczewska
ul.,Œwiêtego Floriana,Floriana,Œw. Floriana
ul.,Œwiêtochny,Œwiêtochny,Œwiêtochny
ul.,Œwiêtogórska,Œwiêtogórska,Œwiêtogórska
ul.,Œwiêtojañska,Œwiêtojañska,Œwiêtojañska
ul.,Œwiêtos³awska,Œwiêtos³awska,Œwiêtos³awska
ul.,Œwiêtowidzka,Œwiêtowidzka,Œwiêtowidzka
ul.,Œwiêty Marcin,Œwiêty Marcin,Œw. Marcin
ul.,Œwiêty Wojciech,Wojciech,Œw. Wojciech
ul.,Œwit,Œwit,Œwit
ul.,Taborowa,Taborowa,Taborowa
ul.,Taczaka Stanis³awa,Taczaka,Stanis³awa Taczaka
ul.,Taczanowskiego Edmunda,Taczanowskiego,Edmunda Taczanowskiego
ul.,Tañskiego Czes³awa,Tañskiego,Czes³awa Tañskiego
ul.,Tarczowa,Tarczowa,Tarczowa
ul.,Tarninowa,Tarninowa,Tarninowa
ul.,Tarnobrzeska,Tarnobrzeska,Tarnobrzeska
ul.,Tarnowska,Tarnowska,Tarnowska
ul.,Tatarakowa,Tatarakowa,Tatarakowa
ul.,Tatrzañska,Tatrzañska,Tatrzañska
ul.,Taylora Edwarda,Taylora,Edwarda Taylora
ul.,Tczewska,Tczewska,Tczewska
ul.,Templiñska,Templiñska,Templiñska
ul.,Teokryta,Teokryta,Teokryta
ul.,Terespolska,Terespolska,Terespolska
ul.,Termalna,Termalna,Termalna
ul.,Ternicka,Ternicka,Ternicka
ul.,Têczowa,Têczowa,Têczowa
ul.,Tokarska,Tokarska,Tokarska
ul.,Tokarzewskiego Micha³a,Tokarzewskiego,Micha³a Tokarzewskiego
ul.,To³stoja Lwa,To³stoja,Lwa To³stoja
ul.,Tomaszewskiego Adama,Tomaszewskiego,Adama Tomaszewskiego
ul.,Tomaszowska,Tomaszowska,Tomaszowska
ul.,Tomickiego Piotra,Tomickiego,Piotra Tomickiego
ul.,Topazowa,Topazowa,Topazowa
ul.,Topolowa,Topolowa,Topolowa
ul.,Torfowa,Torfowa,Torfowa
ul.,Toropiecka,Toropiecka,Toropiecka
ul.,Torowa,Torowa,Torowa
ul.,Toruñska,Toruñska,Toruñska
ul.,Toskañska,Toskañska,Toskañska
ul.,Towarowa,Towarowa,Towarowa
ul.,Traugutta Romualda,Traugutta,Romualda Traugutta
ul.,Tr¹mpczyñskiego Wojciecha,Tr¹mpczyñskiego,Wojciecha Tr¹mpczyñskiego
ul.,Trebliñska,Trebliñska,Trebliñska
ul.,Trêbacka,Trêbacka,Trêbacka
ul.,Trocka,Trocka,Trocka
ul.,Troczyñskiego Konstantego,Troczyñskiego,Konstantego Troczyñskiego
ul.,Trójcy œw.,œw. Trójcy,œw. Trójcy
ul.,Trójpole,Trójpole,Trójpole
ul.,Truskawiecka,Truskawiecka,Truskawiecka
ul.,Truskawkowa,Truskawkowa,Truskawkowa
ul.,Trybunalska,Trybunalska,Trybunalska
ul.,Trzcianecka,Trzcianecka,Trzcianecka
ul.,Trzebawska,Trzebawska,Trzebawska
ul.,Trzebiatowska,Trzebiatowska,Trzebiatowska
ul.,Trzebiñska,Trzebiñska,Trzebiñska
ul.,Trzemeszeñska,Trzemeszeñska,Trzemeszeñska
ul.,Tucholska,Tucholska,Tucholska
ul.,Tulipanowa,Tulipanowa,Tulipanowa
ul.,Tu³odzieckiej Anieli,Tu³odzieckiej,Anieli Tu³odzieckiej
ul.,Turgieniewa Iwana,Turgieniewa,Iwana Turgieniewa
ul.,Turkusowa,Turkusowa,Turkusowa
ul.,Turniowa,Turniowa,Turniowa
ul.,Turystyczna,Turystyczna,Turystyczna
ul.,Tuwima Juliana,Tuwima,Juliana Tuwima
ul.,Twardogórska,Twardogórska,Twardogórska
ul.,Twardowskiego ks. Jana,Twardowskiego,ks. Jana Twardowskiego
ul.,Tyca Teodora,Tyca,Teodora Tyca
ul.,Tyczyñska,Tyczyñska,Tyczyñska
ul.,Tylicka,Tylicka,Tylicka
ul.,Tylne Chwaliszewo,Tylne Chwaliszewo,Tylne Chwaliszewo
ul.,Tymiankowa,Tymiankowa,Tymiankowa
ul.,Tymienieckiego,Tymienieckiego,Tymienieckiego
ul.,Tyniecka,Tyniecka,Tyniecka
ul.,Tyrmanda Leopolda,Tyrmanda,Leopolda Tyrmanda
ul.,Tyrwacka,Tyrwacka,Tyrwacka
ul.,Tyska,Tyska,Tyska
ul.,Ugory,Ugory,Ugory
ul.,U³añska,U³añska,U³añska
ul.,U³aszyna Henryka,U³aszyna,Henryka U³aszyna
ul.,Umiñskiego Jana,Umiñskiego,Jana Umiñskiego
ul.,Umultowska,Umultowska,Umultowska
ul.,Unii Lubelskiej,Unii Lubelskiej,Unii Lubelskiej
ul.,Unis³awa,Unis³awa,Unis³awa
ul.,Uprawna,Uprawna,Uprawna
ul.,Uradzka,Uradzka,Uradzka
ul.,Urbanowska,Urbanowska,Urbanowska
ul.,Urocza,Urocza,Urocza
ul.,Urodzajna,Urodzajna,Urodzajna
ul.,Urszulanek,Urszulanek,Urszulanek
ul.,Urwista,Urwista,Urwista
ul.,Ustronna,Ustronna,Ustronna
ul.,Ustroñska,Ustroñska,Ustroñska
ul.,Ustrzycka,Ustrzycka,Ustrzycka
ul.,Uœwiacka,Uœwiacka,Uœwiacka
ul.,Uzdrowiskowa,Uzdrowiskowa,Uzdrowiskowa
ul.,Uznamska,Uznamska,Uznamska
ul.,Vetulaniego Tadeusza,Vetulaniego,Tadeusza Vetulaniego
ul.,Vrtela-Wierczyñskiego Stefana,Vrtela-Wierczyñskiego,Stefana Vrtela-Wierczyñskiego
ul.,Wachowiaka Stanis³awa,Wachowiaka,Stanis³awa Wachowiaka
ul.,Wadowicka,Wadowicka,Wadowicka
ul.,Wagi,Wagi,Wagi
ul.,Wagrowska,Wagrowska,Wagrowska
ul.,Wa³brzyska,Wa³brzyska,Wa³brzyska
ul.,Wa³ecka,Wa³ecka,Wa³ecka
ul.,Wandy,Wandy,Wandy
ul.,Waniliowa,Waniliowa,Waniliowa
ul.,Wañkowicza Melchiora,Wañkowicza,Melchiora Wañkowicza
ul.,Warecka,Warecka,Warecka
ul.,Warmiñska,Warmiñska,Warmiñska
ul.,Warowna,Warowna,Warowna
ul.,Warpiñska,Warpiñska,Warpiñska
ul.,Warpnowska,Warpnowska,Warpnowska
ul.,Warszawska,Warszawska,Warszawska
ul.,Warzywna,Warzywna,Warzywna
ul.,Wawerska,Wawerska,Wawerska
ul.,Wawrzyniaka Piotra,Wawrzyniaka,Piotra Wawrzyniaka
ul.,Wawrzyñca œw.,Wawrzyñca,œw. Wawrzyñca
ul.,W¹ska,W¹ska,W¹ska
ul.,Wczasowa,Wczasowa,Wczasowa
ul.,Wejherowska,Wejherowska,Wejherowska
ul.,Wenecjañska,Wenecjañska,Wenecjañska
ul.,Wenedów,Wenedów,Wenedów
ul.,Wergiliusza,Wergiliusza,Wergiliusza
ul.,Weso³a,Weso³a,Weso³a
ul.,Wêglowa,Wêglowa,Wêglowa
ul.,Wêgorka W³adys³awa,Wêgorka,W³adys³awa Wêgorka
ul.,Wêgorzewska,Wêgorzewska,Wêgorzewska
ul.,Wiankowa,Wiankowa,Wiankowa
ul.,Wiatraczna,Wiatraczna,Wiatraczna
ul.,Wi¹zowa,Wi¹zowa,Wi¹zowa
ul.,Wicherkiewicz Marii,Wicherkiewicz,Marii Wicherkiewicz
ul.,Wichrowa,Wichrowa,Wichrowa
ul.,Widawska,Widawska,Widawska
ul.,Wid³akowa,Wid³akowa,Wid³akowa
ul.,Widna,Widna,Widna
ul.,Wiece,Wiece,Wiece
ul.,Wiechowicza Stanis³awa,Wiechowicza,Stanis³awa Wiechowicza
ul.,Wieczorynki,Wieczorynki,Wieczorynki
ul.,Wiedeñska,Wiedeñska,Wiedeñska
ul.,Wiejska,Wiejska,Wiejska
ul.,Wielichowska,Wielichowska,Wielichowska
ul.,Wielka,Wielka,Wielka
ul.,Wielkiego Kazimierza,K. Wielkiego,Kazimierza Wielkiego
ul.,Wielko³ucka,Wielko³ucka,Wielko³ucka
ul.,Wieluñska,Wieluñska,Wieluñska
ul.,Wieniawskiego Henryka,Wieniawskiego,Henryka Wieniawskiego
ul.,Wieprawska,Wieprawska,Wieprawska
ul.,Wierchowa,Wierchowa,Wierchowa
ul.,Wieruszowska,Wieruszowska,Wieruszowska
ul.,Wierzbiêcice,Wierzbiêcice,Wierzbiêcice
ul.,Wierzbowa,Wierzbowa,Wierzbowa
ul.,Wierzejewskiego Ireneusza,Wierzejewskiego,Ireneusza Wierzejewskiego
ul.,Wiesio³kowa,Wiesio³kowa,Wiesio³kowa
ul.,Wies³awy,Wies³awy,Wies³awy
ul.,Wietrzna,Wietrzna,Wietrzna
ul.,Wietrzykowskich,Wietrzykowskich,Wietrzykowskich
ul.,Wiewiórcza,Wiewiórcza,Wiewiórcza
ul.,Wie¿owa,Wie¿owa,Wie¿owa
ul.,Wiêzowska,Wiêzowska,Wiêzowska
ul.,Wigury Stanis³awa,Wigury,Stanis³awa Wigury
ul.,Wiklinowa,Wiklinowa,Wiklinowa
ul.,Wilanowska,Wilanowska,Wilanowska
ul.,Wilcza,Wilcza,Wilcza
ul.,Wilczak,Wilczak,Wilczak
ul.,Wileñska,Wileñska,Wileñska
ul.,Wilkanowicza Romana,Wilkanowicza,Romana Wilkanowicza
ul.,Wilkoñskich,Wilkoñskich,Wilkoñskich
ul.,Wilków Morskich,Wilków Morskich,Wilków Morskich
ul.,Willowa,Willowa,Willowa
ul.,Wincentego œw.,Wincentego,œw. Wincentego
ul.,Winiarska,Winiarska,Winiarska
ul.,Winiarskiego Bohdana,Winiarskiego,Bohdana Winiarskiego
ul.,Winklera B³a¿eja,Winklera,B³a¿eja Winklera
ul.,Winna,Winna,Winna
ul.,Winogrady,Winogrady,Winogrady
ul.,Winogronowa,Winogronowa,Winogronowa
ul.,Wiosenna,Wiosenna,Wiosenna
ul.,Wioœlarska,Wioœlarska,Wioœlarska
ul.,Wirska,Wirska,Wirska
ul.,Wis³ocka,Wis³ocka,Wis³ocka
ul.,Wiœlana,Wiœlana,Wiœlana
ul.,Wiœlicka,Wiœlicka,Wiœlicka
ul.,Wiœniowa,Wiœniowa,Wiœniowa
ul.,Witaszka Franciszka,Witaszka,Franciszka Witaszka
ul.,Witkowska,Witkowska,Witkowska
ul.,Witnicka,Witnicka,Witnicka
ul.,Witosa Wincentego,Witosa,Wincentego Witosa
ul.,Witos³awa,Witos³awa,Witos³awa
ul.,Wituchowska,Wituchowska,Wituchowska
ul.,W³ada Franciszka,W³ada,Franciszka W³ada
ul.,W³adymira,W³adymira,W³adymira
ul.,W³oc³awska,W³oc³awska,W³oc³awska
ul.,W³odarska,W³odarska,W³odarska
ul.,W³odkowica Paw³a,W³odkowica,Paw³a W³odkowica
ul.,W³oszakowicka,W³oszakowicka,W³oszakowicka
ul.,W³oœciañska,W³oœciañska,W³oœciañska
ul.,Wodna,Wodna,Wodna
ul.,Wodnika,Wodnika,Wodnika
ul.,Wojciechowskiego Zygmunta,Wojciechowskiego,Zygmunta Wojciechowskiego
ul.,Wojkiewicza Jana,Wojkiewicza,Jana Wojkiewicza
ul.,Wojkowskich Julii i Antoniego,Wojkowskich,Julii i Antoniego Wojkowskich
ul.,Wojnowicka,Wojnowicka,Wojnowicka
ul.,Wojska Polskiego,Wojska Polskiego,Wojska Polskiego
ul.,Wojskowa,Wojskowa,Wojskowa
ul.,Wolbromska,Wolbromska,Wolbromska
ul.,Woliñska,Woliñska,Woliñska
ul.,Wolnica,Wolnica,Wolnica
ul.,Wolska,Wolska,Wolska
ul.,Wolsztyñska,Wolsztyñska,Wolsztyñska
ul.,Wo³czyñska,Wo³czyñska,Wo³czyñska
ul.,Wo³kowa W³adys³awa,Wo³kowa,W³adys³awa Wo³kowa
ul.,Wo³kowyska,Wo³kowyska,Wo³kowyska
ul.,Wo³odyjowskiego Micha³a,Wo³odyjowskiego,Micha³a Wo³odyjowskiego
ul.,Wo³owska,Wo³owska,Wo³owska
ul.,Wo³yñska,Wo³yñska,Wo³yñska
ul.,Wonna,Wonna,Wonna
ul.,Worcella Stanis³awa,Worcella,Stanis³awa Worcella
ul.,WoŸna,WoŸna,WoŸna
ul.,WoŸnicka,WoŸnicka,WoŸnicka
ul.,Wójtowska,Wójtowska,Wójtowska
ul.,Wroc³awska,Wroc³awska,Wroc³awska
ul.,Wronczyñska,Wronczyñska,Wronczyñska
ul.,Wroniecka,Wroniecka,Wroniecka
ul.,Wroñskiego Józefa,Wroñskiego,Józefa Wroñskiego
ul.,Wrotyczowa,Wrotyczowa,Wrotyczowa
ul.,Wróblewskiego Walerego,Wróblewskiego,Walerego Wróblewskiego
ul.,Wrzesiñska,Wrzesiñska,Wrzesiñska
ul.,Wrzoska Adama,Wrzoska,Adama Wrzoska
ul.,Wrzosowa,Wrzosowa,Wrzosowa
ul.,Wschodnia,Wschodnia,Wschodnia
ul.,Wschowska,Wschowska,Wschowska
ul.,Wspólna,Wspólna,Wspólna
ul.,Wszystkich Œwiêtych,Wszystkich Œwiêtych,Wszystkich Œwiêtych
ul.,Wujka Jakuba,Wujka,ks. Jakuba Wujka
ul.,Wybickiego Józefa,Wybickiego,Józefa Wybickiego
ul.,Wybieg,Wybieg,Wybieg
ul.,Wygon,Wygon,Wygon
ul.,Wykopy,Wykopy,Wykopy
ul.,Wy³om,Wy³om,Wy³om
ul.,Wyrzyska,Wyrzyska,Wyrzyska
ul.,Wysockiego Piotra,Wysockiego,Piotra Wysockiego
ul.,Wysoka,Wysoka,Wysoka
ul.,Wyspiañskiego Stanis³awa,Wyspiañskiego,Stanis³awa Wyspiañskiego
ul.,Wyszeborska,Wyszeborska,Wyszeborska
ul.,Wyszomierska,Wyszomierska,Wyszomierska
ul.,Wyzwolenia,Wyzwolenia,Wyzwolenia
ul.,Wy¿yny,Wy¿yny,Wy¿yny
ul.,Wzgórze œw. Wojciecha,Wzgórze Wojciecha,Wzgórze œw. Wojciecha
ul.,Wzlotowa,Wzlotowa,Wzlotowa
ul.,Za Bramk¹,Za Bramk¹,Za Bramk¹
ul.,Za Cybin¹,Za Cybin¹,Za Cybin¹
ul.,Za Cytadel¹,Za Cytadel¹,Za Cytadel¹
ul.,Za Grobl¹,Za Grobl¹,Za Grobl¹
ul.,Zaborowska,Zaborowska,Zaborowska
ul.,Zabrzañska,Zabrzañska,Zabrzañska
ul.,Zachodnia,Zachodnia,Zachodnia
ul.,Zacisze,Zacisze,Zacisze
ul.,Zagajnikowa,Zagajnikowa,Zagajnikowa
ul.,Zag³oby Onufrego,Zag³oby,Onufrego Zag³oby
ul.,Zagonowa,Zagonowa,Zagonowa
ul.,Zagórze,Zagórze,Zagórze
ul.,Zagórzycka,Zagórzycka,Zagórzycka
ul.,Zagrodnicza,Zagrodnicza,Zagrodnicza
ul.,Zajêcza,Zajêcza,Zajêcza
ul.,Zak¹tek,Zak¹tek,Zak¹tek
ul.,Zaklikowska,Zaklikowska,Zaklikowska
ul.,Zakopiañska,Zakopiañska,Zakopiañska
ul.,Zakrêt,Zakrêt,Zakrêt
ul.,Zakrzewskiego Ksawerego,Zakrzewskiego,Ksawerego Zakrzewskiego
ul.,Zaleskiego Zygmunta,Zaleskiego,Zygmunta Zaleskiego
ul.,Za³ê¿e,Za³ê¿e,Za³ê¿e
ul.,Zambrowska,Zambrowska,Zambrowska
ul.,Zamenhofa Ludwika,Zamenhofa,Ludwika Zamenhofa
ul.,Zamiejska,Zamiejska,Zamiejska
ul.,Zamkniêta,Zamkniêta,Zamkniêta
ul.,Zamkowa,Zamkowa,Zamkowa
ul.,Zamojska,Zamojska,Zamojska
ul.,Zamoyskiego W³adys³awa,Zamoyskiego,W³adys³awa Zamoyskiego
ul.,Zamys³owska,Zamys³owska,Zamys³owska
ul.,Zana Tomasza,Zana,Tomasza Zana
ul.,Zaniemyska,Zaniemyska,Zaniemyska
ul.,Zapolskiej,Zapolskiej,Gabrieli Zapolskiej
ul.,Zawady,Zawady,Zawady
ul.,Zawiertowska,Zawiertowska,Zawiertowska
ul.,Zawilcowa,Zawilcowa,Zawilcowa
ul.,Z¹bkowicka,Z¹bkowicka,Z¹bkowicka
ul.,Zb¹szyñska,Zb¹szyñska,Zb¹szyñska
ul.,Zbo¿owa,Zbo¿owa,Zbo¿owa
ul.,Zby³owita,Zby³owita,Zby³owita
ul.,Zbyszka,Zbyszka,Zbyszka
ul.,Zdobywców Monte Cassino,Zdobywców Monte Cassino,Zdobywców Monte Cassino
ul.,Zdrojowa,Zdrojowa,Zdrojowa
ul.,Zdunowska,Zdunowska,Zdunowska
ul.,Zdziechowska,Zdziechowska,Zdziechowska
ul.,Zdzis³awy,Zdzis³awy,Zdzis³awy
ul.,Zemborzycka,Zemborzycka,Zemborzycka
ul.,Zeylanda Janusza,Zeylanda,Janusza Zeylanda
ul.,Zgoda,Zgoda,Zgoda
ul.,Zgorzelecka,Zgorzelecka,Zgorzelecka
ul.,Ziarnista,Ziarnista,Ziarnista
ul.,Zieleñska,Zieleñska,Zieleñska
ul.,Zielewicza Ignacego,Zielewicza,Ignacego Zielewicza
ul.,Zieliniec,Zieliniec,Zieliniec
ul.,Zielona,Zielona,Zielona
ul.,Ziemowita,Ziemowita,Ziemowita
ul.,Ziemska,Ziemska,Ziemska
ul.,Ziêbicka,Ziêbicka,Ziêbicka
ul.,Zimorodka,Zimorodka,Zimorodka
ul.,Zimowa,Zimowa,Zimowa
ul.,Zjazd,Zjazd,Zjazd
ul.,Z³ocieniecka,Z³ocieniecka,Z³ocieniecka
ul.,Z³ota,Z³ota,Z³ota
ul.,Z³otej Kaczki,Z³otej Kaczki,Z³otej Kaczki
ul.,Z³otnicka,Z³otnicka,Z³otnicka
ul.,Z³otowska,Z³otowska,Z³otowska
ul.,Zmartwychwstañców,Zmartwychwstañców,Zmartwychwstañców
ul.,Znanieckiego,Znanieckiego,Znanieckiego
ul.,Zodiakowa,Zodiakowa,Zodiakowa
ul.,Zo³otowa Paw³a,Zo³otowa,Paw³a Zo³otowa
ul.,Zorza,Zorza,Zorza
ul.,Zwi¹zku Walki Zbrojnej,Zwi¹zku Walki Zbrojnej,Zwi¹zku Walki Zbrojnej
ul.,Zwierzyniecka,Zwierzyniecka,Zwierzyniecka
ul.,Zwoleñska,Zwoleñska,Zwoleñska
ul.,Zwrotnicza,Zwrotnicza,Zwrotnicza
ul.,Zygalskiego Henryka,Zygalskiego,Henryka Zygalskiego
ul.,ródlana,ródlana,ródlana
ul.,¯abia,¯abia,¯abia
ul.,¯agañska,¯agañska,¯agañska
ul.,¯aglowa,¯aglowa,¯aglowa
ul.,¯arnowiecka,¯arnowiecka,¯arnowiecka
ul.,¯bikowa,¯bikowa,¯bikowa
ul.,¯egiestowska,¯egiestowska,¯egiestowska
ul.,¯eglarska,¯eglarska,¯eglarska
ul.,¯egockiego Krzysztofa,¯egockiego,Krzysztofa ¯egockiego
ul.,¯egrze,¯egrze,¯egrze
ul.,¯elazka,¯elazka,o. Mariana ¯elazka
ul.,¯elazna,¯elazna,¯elazna
ul.,¯erkowska,¯erkowska,¯erkowska
ul.,¯eromskiego Stefana,¯eromskiego,Stefana ¯eromskiego
ul.,¯lebowa,¯lebowa,¯lebowa
ul.,¯michowskiej,¯michowskiej,Narcyzy ¯michowskiej
ul.,¯migrodzka,¯migrodzka,¯migrodzka
ul.,¯mudzka,¯mudzka,¯mudzka
ul.,¯niniewiczów Janiny i Jana,¯niniewiczów,Janiny i Jana ¯niniewiczów
ul.,¯niñska,¯niñska,¯niñska
ul.,¯niwna,¯niwna,¯niwna
ul.,¯o³nierzy Lenino,¯o³nierzy Lenino,¯o³nierzy Lenino
ul.,¯o³nierzy Narwiku,¯o³nierzy Narwiku,¯o³nierzy Narwiku
ul.,¯o³nierzy Wyklêtych,¯o³nierzy Wyklêtych,¯o³nierzy Wyklêtych
ul.,¯onkilowa,¯onkilowa,¯onkilowa
ul.,¯orska,¯orska,¯orska
ul.,¯ukowska,¯ukowska,¯ukowska
ul.,¯u³awska,¯u³awska,¯u³awska
ul.,¯upañskiego Jana,¯upañskiego,Jana ¯upañskiego
ul.,¯uraszka Zygmunta,¯uraszka,Zygmunta ¯uraszka
ul.,¯urawia,¯urawia,¯urawia
ul.,¯urawinowa,¯urawinowa,¯urawinowa
ul.,¯uromiñska,¯uromiñska,¯uromiñska
ul.,¯wirki Franciszka,¯wirki,Franciszka ¯wirki
ul.,¯wirowa,¯wirowa,¯wirowa
ul.,¯ydowska,¯ydowska,¯ydowska
ul.,¯ymierskiego Józefa,¯ymierskiego,Józefa ¯ymierskiego
ul.,¯ytnia,¯ytnia,¯ytnia
ul.,¯ywiczna,¯ywiczna,¯ywiczna
ul.,¯ywiecka,¯ywiecka,¯ywiecka
ul.,¯ywocicka,¯ywocicka,¯ywocicka
ul.,¯ywokostowa,¯ywokostowa,¯ywokostowa
ul.,¯yzna,¯yzna,¯yzna
most,Ballenstedta Lucjana,Ballenstedta,Lucjana Ballenstedta
most,Biskupa Jordana,Jordana,Biskupa Jordana
most,Boles³awa Chrobrego,Chrobrego,B. Chrobrego
most,Dêbiñski,Dêbiñski,Dêbiñski
most,Dworcowy,Dworcowy,Dworcowy
most,Królowej Jadwigi,Królowej Jadwigi,Kr. Jadwigi
most,Lecha,Lecha,Lecha
most,Mieszka I,Mieszka I,Mieszka I
most,Przemys³a I,Przemys³a I,Przemys³a I
most,Rocha œw.,Rocha,œw. Rocha
most,Teatralny,Teatralny,Teatralny
most,Uniwersytecki,Uniwersytecki,Uniwersytecki
park,Adama Mickiewicza,Mickiewicza,Mickiewicza Adama
park,Adama Wodziczki,Wodziczki,Wodziczki Adama
park,Cytadela,Cytadela,Cytadela
park,Fryderyka Chopina,Chopina,Chopina Fryderyka
park,Górczyñski,Górczyñski,Górczyñski
park,Henryka Wieniawskiego,Wieniawskiego,Wieniawskiego Henryka
park,Izabeli i Jarogniewa Drwêskich,Drwêskich,Drwêskich Izabeli i Jarogniewa
park,Jana Henryka D¹browskiego,D¹browskiego,D¹browskiego Jana Henryka
park,Jana Kasprowicza,Kasprowicza,Kasprowicza Jana
park,Jana Paw³a II,JPII,Jana Paw³a 2
park,Jurija Gagarina,Gagarina,Gagarina Jurija
park,Karola Kurpiñskiego,Kurpiñskiego,Kurpiñskiego Karola
park,Karola Marcinkowskiego,Marcinkowskiego,Marcinkowskiego Karola
park,Kosynierów,Kosynierów,Kosynierów
park,ks. Józefa Jasiñskiego,Jasiñskiego,Jasiñskiego ks. Józefa
park,Manitiusa Gustawa,Manitiusa,Gustawa Manitiusa
park,Moniuszki Stanis³awa,Moniuszki,Stanis³awa Moniuszki
park,Nad Wart¹,Nad Wart¹,Nad Wart¹
park,Paw³a Strzeleckiego,Strzeleckiego,Strzeleckiego Paw³a
park,Romana Maciejewskiego,Maciejewskiego,Maciejewskiego Romana
park,So³acki,So³acki,So³acki
park,Szel¹gowski,Szel¹gowski,Szel¹gowski
park,Tysi¹clecia,Tysi¹clecia,Tysi¹clecia
park,Wilsona,Wilsona,Wilsona
park,W³adys³awa Czarneckiego,Czarneckiego,Czarneckiego W³adys³awa
wiadukt,Gabriela Narutowicza,Narutowicza,Gabriela Narutowicza
wiadukt,Kosynierów Górczyñskich,Górczyñski,Kosynierów
zau³ek,Krystyny Feldman,Feldman,Feldman Krystyny